NO_OF_SAMPLES	691
FREQUENCY	200
TIME_STAMP	2022-09-29, 11:03:54	6867.40290917
FIRST_SAMPLE	59
DESCRIPTION	Force data in local (force plate) coordinates
DATA_INCLUDED	Force
FORCE_PLATE_TYPE	Amti
FORCE_PLATE_MODEL	Unknown
FORCE_PLATE_NAME	Force-plate 2
FORCE_PLATE_CORNER_POSX_POSY_X	517.924011
FORCE_PLATE_CORNER_POSX_POSY_Y	474.072998
FORCE_PLATE_CORNER_POSX_POSY_Z	0.000000
FORCE_PLATE_CORNER_NEGX_POSY_X	519.979004
FORCE_PLATE_CORNER_NEGX_POSY_Y	17.014200
FORCE_PLATE_CORNER_NEGX_POSY_Z	0.000000
FORCE_PLATE_CORNER_NEGX_NEGY_X	17.079901
FORCE_PLATE_CORNER_NEGX_NEGY_Y	17.752501
FORCE_PLATE_CORNER_NEGX_NEGY_Z	0.000000
FORCE_PLATE_CORNER_POSX_NEGY_X	16.074800
FORCE_PLATE_CORNER_POSX_NEGY_Y	475.464996
FORCE_PLATE_CORNER_POSX_NEGY_Z	0.000000
FORCE_PLATE_LENGTH	508.000000
FORCE_PLATE_WIDTH	463.550000
Sample	Time	Force_X	Force_Y	Force_Z	Moment_X	Moment_Y	Moment_Z	COP_X	COP_Y	COP_Z
59	0.29000	1.375715	1.059823	587.390638	3.865166	-10.354195	0.197518	17.101650	6.152221	0.000000	
60	0.29500	1.238329	1.014183	586.853475	3.892086	-10.326643	0.193220	17.080146	6.207171	0.000000	
61	0.30000	1.237800	1.128118	586.584341	3.928543	-10.353721	0.206975	17.134379	6.264538	0.000000	
62	0.30500	1.328437	1.196890	586.494571	3.946712	-10.316874	0.192913	17.068039	6.291825	0.000000	
63	0.31000	1.306235	1.219291	586.583617	3.983161	-10.344139	0.206772	17.113383	6.351421	0.000000	
64	0.31500	1.259003	1.333799	586.045468	4.010482	-10.352698	0.188432	17.147334	6.396358	0.000000	
65	0.32000	1.305428	1.310823	586.224125	4.065083	-10.379726	0.197557	17.184904	6.489012	0.000000	
66	0.32500	1.328212	1.356424	586.223649	4.092436	-10.388602	0.197492	17.198499	6.532556	0.000000	
67	0.33000	1.304226	1.448079	585.864449	4.128858	-10.387992	0.174512	17.209910	6.592669	0.000000	
68	0.33500	1.327257	1.402431	585.865085	4.119734	-10.415515	0.192884	17.255291	6.580215	0.000000	
69	0.34000	1.327123	1.470876	585.684667	4.210770	-10.460311	0.192886	17.337235	6.733096	0.000000	
70	0.34500	1.396264	1.447961	585.953275	4.228946	-10.441996	0.192732	17.293097	6.762435	0.000000	
71	0.35000	1.487241	1.448443	585.952848	4.265406	-10.468812	0.183346	17.332643	6.824632	0.000000	
72	0.35500	1.509120	1.585274	585.684385	4.247298	-10.468930	0.197017	17.339489	6.787630	0.000000	
73	0.36000	1.465573	1.516218	586.399280	4.302081	-10.496128	0.188007	17.367184	6.877069	0.000000	
74	0.36500	1.465593	1.652890	586.576796	4.338807	-10.523149	0.178786	17.407863	6.928140	0.000000	
75	0.37000	1.464978	1.675859	586.218700	4.365910	-10.504612	0.178751	17.387180	6.977250	0.000000	
76	0.37500	1.648317	1.562386	586.845511	4.366087	-10.522610	0.160020	17.386278	6.977481	0.000000	
77	0.38000	1.510866	1.653324	586.396898	4.411485	-10.522312	0.160287	17.408810	7.054286	0.000000	
78	0.38500	1.465361	1.653233	586.396418	4.429612	-10.494812	0.146584	17.365041	7.085210	0.000000	
79	0.39000	1.625958	1.744228	586.932937	4.466312	-10.512837	0.155402	17.368503	7.134715	0.000000	
80	0.39500	1.512936	1.584119	586.843963	4.493266	-10.522083	0.174125	17.394686	7.192731	0.000000	
81	0.40000	1.603596	1.584636	586.754658	4.493237	-10.512712	0.164708	17.375228	7.193794	0.000000	
82	0.40500	1.512339	1.721092	586.932250	4.493532	-10.503625	0.146479	17.360598	7.182682	0.000000	
83	0.41000	1.557888	1.630111	586.754187	4.493318	-10.512731	0.160199	17.378400	7.190829	0.000000	
84	0.41500	1.604307	1.788878	586.932763	4.538781	-10.448911	0.178376	17.261073	7.255134	0.000000	
85	0.42000	1.378382	1.650828	587.469884	4.511392	-10.413270	0.178959	17.199662	7.210986	0.000000	
86	0.42500	1.355437	1.605432	587.559555	4.475016	-10.395201	0.160632	17.167786	7.151021	0.000000	
87	0.43000	1.492210	1.332899	587.650847	4.429236	-10.376916	0.137427	17.124595	7.090564	0.000000	
88	0.43500	1.468899	1.333115	587.381990	4.456353	-10.349205	0.123660	17.087047	7.140122	0.000000	
89	0.44000	1.470441	1.309449	587.740524	4.465383	-10.331383	0.151251	17.045931	7.152531	0.000000	
90	0.44500	1.422324	1.310480	586.935597	4.401572	-10.340509	0.137541	17.088740	7.054037	0.000000	
91	0.45000	1.423976	1.400489	587.562411	4.374381	-10.268348	0.155861	16.947122	6.993707	0.000000	
92	0.45500	1.423089	1.287160	587.115499	4.374126	-10.286317	0.151307	16.991017	7.006613	0.000000	
93	0.46000	1.424374	1.036480	587.563817	4.355774	-10.277346	0.133031	16.962367	6.986885	0.000000	
94	0.46500	1.490807	1.037457	587.028014	4.282888	-10.268372	0.128244	16.958415	6.869358	0.000000	
95	0.47000	1.354582	1.150632	587.116054	4.328526	-10.277446	0.133127	16.980573	6.938271	0.000000	
96	0.47500	1.309398	0.922738	586.938266	4.327992	-10.231901	0.128689	16.911339	6.955153	0.000000	
97	0.48000	1.354673	0.923025	586.938501	4.309794	-10.213661	0.119374	16.877161	6.924125	0.000000	
98	0.48500	1.355124	0.922689	587.118126	4.273486	-10.223279	0.137774	16.888216	6.860080	0.000000	
99	0.49000	1.356370	0.967481	587.565768	4.264423	-10.169023	0.146926	16.782595	6.836098	0.000000	
100	0.49500	1.218591	0.808440	587.118702	4.227801	-10.187305	0.128919	16.836260	6.790071	0.000000	
101	0.50000	1.242105	0.876514	587.565606	4.228078	-10.187407	0.124258	16.821692	6.780457	0.000000	
102	0.50500	1.309876	0.854276	587.386748	4.236966	-10.132326	0.101076	16.728544	6.799280	0.000000	
103	0.51000	1.172847	0.899552	587.386440	4.191663	-10.151044	0.101390	16.769781	6.719065	0.000000	
104	0.51500	1.332273	0.831774	587.387294	4.191521	-10.132558	0.096434	16.727392	6.723444	0.000000	
105	0.52000	1.217339	0.741106	587.028993	4.182333	-10.159705	0.073760	16.791968	6.718312	0.000000	
106	0.52500	1.103693	0.717883	587.118517	4.155001	-10.132754	0.069422	16.751205	6.672266	0.000000	
107	0.53000	1.194461	0.422622	586.941460	4.109148	-10.141822	0.055537	16.765632	6.616453	0.000000	
108	0.53500	1.171597	0.309096	586.851372	4.154492	-10.150322	0.028060	16.784319	6.702553	0.000000	
109	0.54000	1.216681	0.423244	587.030274	4.100258	-10.159750	0.023322	16.792052	6.600213	0.000000	
110	0.54500	1.125970	0.604635	586.939451	4.173072	-10.150484	0.046438	16.785131	6.712944	0.000000	
111	0.55000	1.307376	0.673643	586.492337	4.218413	-10.159000	0.064361	16.800365	6.790919	0.000000	
112	0.55500	1.193809	0.741528	586.580423	4.264000	-10.158797	0.055411	16.805200	6.862917	0.000000	
113	0.56000	1.215902	0.764460	585.954020	4.327405	-10.185651	0.082927	16.867945	6.977271	0.000000	
114	0.56500	1.307476	0.901119	586.311082	4.355051	-10.203671	0.082686	16.881874	7.010605	0.000000	
115	0.57000	1.330091	0.923711	585.864074	4.400218	-10.194373	0.114778	16.877666	7.091771	0.000000	
116	0.57500	1.353456	1.173781	586.310156	4.418919	-10.203588	0.123841	16.878613	7.100885	0.000000	
117	0.58000	1.355258	1.195650	586.577652	4.537112	-10.212226	0.146837	16.885322	7.297484	0.000000	
118	0.58500	1.468358	1.264697	586.487936	4.537228	-10.211870	0.132748	16.879624	7.294129	0.000000	
119	0.59000	1.514083	1.310043	586.219461	4.600707	-10.211539	0.160195	16.883858	7.402813	0.000000	
120	0.59500	1.401055	1.332097	586.397473	4.646199	-10.202371	0.160454	16.870703	7.476527	0.000000	
121	0.60000	1.333186	1.422796	586.575096	4.691911	-10.229531	0.160606	16.916410	7.545880	0.000000	
122	0.60500	1.334274	1.558801	586.842198	4.774136	-10.311311	0.192801	17.047795	7.673097	0.000000	
123	0.61000	1.470189	1.559568	586.484270	4.819452	-10.310595	0.187871	17.047942	7.755211	0.000000	
124	0.61500	1.472007	1.490543	586.931231	4.892090	-10.273836	0.183295	16.971876	7.877514	0.000000	
125	0.62000	1.402869	1.604365	586.483016	4.928539	-10.328338	0.206417	17.082839	7.938166	0.000000	
126	0.62500	1.313892	1.603172	587.198128	4.964959	-10.264727	0.197418	16.959260	7.990170	0.000000	
127	0.63000	1.404914	1.580548	586.930352	4.992041	-10.273633	0.220195	16.976144	8.041666	0.000000	
128	0.63500	1.518314	1.672235	586.929786	5.010525	-10.327932	0.219932	17.060921	8.066898	0.000000	
129	0.64000	1.405634	1.648538	587.108268	5.055978	-10.346258	0.238617	17.094520	8.143375	0.000000	
130	0.64500	1.496527	1.648822	586.929674	5.074100	-10.364266	0.252201	17.124319	8.176818	0.000000	
131	0.65000	1.496177	1.603540	586.750612	5.092038	-10.309227	0.229189	17.035898	8.213091	0.000000	
132	0.65500	1.406346	1.557306	587.197463	5.110343	-10.318479	0.224848	17.044502	8.240904	0.000000	
133	0.66000	1.406624	1.443421	586.928965	5.182862	-10.363515	0.238710	17.129208	8.376180	0.000000	
134	0.66500	1.431124	1.442742	587.734490	5.155880	-10.364052	0.243284	17.104381	8.318350	0.000000	
135	0.67000	1.408453	1.465287	587.644917	5.174035	-10.373169	0.257123	17.124115	8.349028	0.000000	
136	0.67500	1.546728	1.419291	588.093271	5.192080	-10.318571	0.270588	17.008457	8.376215	0.000000	
137	0.68000	1.570120	1.396553	588.360897	5.237702	-10.345491	0.256786	17.044682	8.451335	0.000000	
138	0.68500	1.571373	1.441352	588.718874	5.255950	-10.327506	0.275155	17.003422	8.473920	0.000000	
139	0.69000	1.709230	1.281883	588.898935	5.292032	-10.309027	0.284088	16.957317	8.543360	0.000000	
140	0.69500	1.618252	1.258764	588.809300	5.301123	-10.345610	0.298125	17.028295	8.561728	0.000000	
141	0.70000	1.505298	1.212573	589.166955	5.292066	-10.327699	0.289217	16.994989	8.544090	0.000000	
142	0.70500	1.572082	1.327070	588.361137	5.355457	-10.308714	0.298161	16.982034	8.656210	0.000000	
143	0.71000	1.617609	1.304410	588.182276	5.391613	-10.281022	0.298037	16.937142	8.721967	0.000000	
144	0.71500	1.640281	1.395493	588.002506	5.455236	-10.271420	0.302532	16.924575	8.826729	0.000000	
145	0.72000	1.503612	1.394724	587.465794	5.500202	-10.216779	0.330373	16.856757	8.911712	0.000000	
146	0.72500	1.571615	1.326939	587.466184	5.481962	-10.207511	0.311846	16.836324	8.885288	0.000000	
147	0.73000	1.614469	1.351217	586.570896	5.490954	-10.243164	0.288738	16.920531	8.913061	0.000000	
148	0.73500	1.615561	1.328042	586.749074	5.572882	-10.297421	0.302587	17.007656	9.051463	0.000000	
149	0.74000	1.615159	1.328132	586.391097	5.609021	-10.278870	0.307158	16.986695	9.118829	0.000000	
150	0.74500	1.659403	1.556144	585.853650	5.636261	-10.242126	0.320702	16.936924	9.158398	0.000000	
151	0.75000	1.637572	1.555473	585.943216	5.672443	-10.196593	0.334517	16.858056	9.218738	0.000000	
152	0.75500	1.636241	1.601966	585.673201	5.709152	-10.296086	0.311579	17.035997	9.282646	0.000000	
153	0.76000	1.545283	1.624374	585.583020	5.745507	-10.305082	0.316384	17.060284	9.344678	0.000000	
154	0.76500	1.635846	1.670367	585.314417	5.781836	-10.313730	0.320746	17.076876	9.408043	0.000000	
155	0.77000	1.567296	1.761443	585.312973	5.818502	-10.368131	0.316314	17.174562	9.464465	0.000000	
156	0.77500	1.521707	1.875084	585.222316	5.873076	-10.340433	0.311756	17.133087	9.551446	0.000000	
157	0.78000	1.567248	2.011583	585.311838	5.855081	-10.340715	0.329984	17.127760	9.509829	0.000000	
158	0.78500	1.545300	1.806310	585.312868	5.863875	-10.359039	0.343924	17.160540	9.538911	0.000000	
159	0.79000	1.430407	1.943015	584.953365	5.900348	-10.367810	0.334936	17.194228	9.597964	0.000000	
160	0.79500	1.361940	1.943099	585.221395	5.855106	-10.368048	0.307525	17.191258	9.516093	0.000000	
161	0.80000	1.341216	1.782886	585.758543	5.891387	-10.368110	0.312262	17.176623	9.579956	0.000000	
162	0.80500	1.499944	1.897698	585.847122	5.909881	-10.376588	0.284271	17.177558	9.602156	0.000000	
163	0.81000	1.500583	1.897233	585.937074	5.909882	-10.395114	0.311869	17.206429	9.600661	0.000000	
164	0.81500	1.365959	1.759523	586.473443	5.955397	-10.431684	0.316891	17.261866	9.678586	0.000000	
165	0.82000	1.413256	1.872807	587.456814	5.955949	-10.431924	0.307583	17.229426	9.654990	0.000000	
166	0.82500	1.413291	1.918329	587.456263	5.983301	-10.440834	0.307572	17.244607	9.698451	0.000000	
167	0.83000	1.436049	1.872744	587.098603	6.037427	-10.385726	0.312081	17.159954	9.799883	0.000000	
168	0.83500	1.481663	2.009055	587.009432	6.037566	-10.422496	0.357910	17.222149	9.792343	0.000000	
169	0.84000	1.391561	1.962987	587.456321	6.037658	-10.404429	0.339759	17.184119	9.787927	0.000000	
170	0.84500	1.505058	1.941023	587.545458	6.046892	-10.422143	0.311937	17.203843	9.803605	0.000000	
171	0.85000	1.368404	1.963346	587.455406	6.055991	-10.431397	0.316849	17.231635	9.819126	0.000000	
172	0.85500	1.528842	1.940492	587.634930	6.101404	-10.440261	0.339483	17.230365	9.894861	0.000000	
173	0.86000	1.391551	2.008704	587.454991	6.101586	-10.485889	0.339803	17.322825	9.893649	0.000000	
174	0.86500	1.368609	1.917542	587.097729	6.119200	-10.385456	0.330612	17.164131	9.936120	0.000000	
175	0.87000	1.413609	2.054507	586.917596	6.173983	-10.430480	0.335075	17.243168	10.023252	0.000000	
176	0.87500	1.437109	2.077108	587.185307	6.219496	-10.402799	0.321213	17.186360	10.094486	0.000000	
177	0.88000	1.368552	2.054426	587.184741	6.219593	-10.430058	0.307612	17.237487	10.096213	0.000000	
178	0.88500	1.438598	2.030868	587.722731	6.201405	-10.403294	0.335042	17.170991	10.057307	0.000000	
179	0.89000	1.347745	1.939454	587.633384	6.210292	-10.394235	0.335283	17.164456	10.080256	0.000000	
180	0.89500	1.394075	1.939660	588.168875	6.256177	-10.448387	0.307658	17.237344	10.148755	0.000000	
181	0.90000	1.372087	1.916587	588.706044	6.201984	-10.503670	0.312377	17.316625	10.048689	0.000000	
182	0.90500	1.372148	1.961870	588.527149	6.229038	-10.448902	0.321506	17.228958	10.094732	0.000000	
183	0.91000	1.416405	1.962793	588.078981	6.265528	-10.539349	0.316853	17.393196	10.164682	0.000000	
184	0.91500	1.484463	2.099575	588.078600	6.274729	-10.511878	0.316617	17.341850	10.171001	0.000000	
185	0.92000	1.483728	2.054525	587.630557	6.338216	-10.538459	0.307447	17.400686	10.290142	0.000000	
186	0.92500	1.438074	2.122671	587.630130	6.338243	-10.511176	0.302909	17.357388	10.285542	0.000000	
187	0.93000	1.413709	2.305388	587.181471	6.356539	-10.501647	0.289074	17.356418	10.312344	0.000000	
188	0.93500	1.528509	2.123574	587.629380	6.356696	-10.574372	0.279759	17.458779	10.316896	0.000000	
189	0.94000	1.571730	2.192935	586.824347	6.329327	-10.601501	0.284209	17.526597	10.280155	0.000000	
190	0.94500	1.503529	2.261302	587.090832	6.375099	-10.610114	0.247586	17.537778	10.348618	0.000000	
191	0.95000	1.526505	2.261077	587.091686	6.347768	-10.610509	0.270516	17.536854	10.302066	0.000000	
192	0.95500	1.525667	2.216315	586.821948	6.411365	-10.618626	0.229161	17.559003	10.418401	0.000000	
193	0.96000	1.410971	2.261782	586.553412	6.375096	-10.664579	0.243222	17.653431	10.358387	0.000000	
194	0.96500	1.547065	2.398955	586.463469	6.402394	-10.609399	0.229013	17.552801	10.397190	0.000000	
195	0.97000	1.501134	2.398816	586.016089	6.438513	-10.609223	0.247490	17.569378	10.467045	0.000000	
196	0.97500	1.568610	2.467920	586.015274	6.438765	-10.627028	0.219735	17.595164	10.462757	0.000000	
197	0.98000	1.703831	2.423423	585.210221	6.502008	-10.626050	0.219403	17.609020	10.588760	0.000000	
198	0.98500	1.523045	2.513202	585.835881	6.475049	-10.617766	0.229004	17.587997	10.524903	0.000000	
199	0.99000	1.681600	2.468627	585.388607	6.529322	-10.598622	0.214829	17.558191	10.628986	0.000000	
200	0.99500	1.636558	2.400029	585.388419	6.565604	-10.616691	0.219575	17.592151	10.695672	0.000000	
201	1.00000	1.521265	2.423409	585.028983	6.583930	-10.661749	0.187675	17.688153	10.732182	0.000000	
202	1.00500	1.612352	2.491764	585.029503	6.574640	-10.561524	0.182763	17.510572	10.711604	0.000000	
203	1.01000	1.498559	2.377726	585.119294	6.529251	-10.616650	0.183119	17.609836	10.640154	0.000000	
204	1.01500	1.635305	2.264454	585.209449	6.529074	-10.579844	0.159837	17.534787	10.645927	0.000000	
205	1.02000	1.658655	2.173477	585.567363	6.520145	-10.616281	0.146070	17.584428	10.630188	0.000000	
206	1.02500	1.613233	2.059388	585.389260	6.510737	-10.598239	0.155396	17.562203	10.625281	0.000000	
207	1.03000	1.567997	2.263837	585.835992	6.465686	-10.571498	0.155416	17.505936	10.526002	0.000000	
208	1.03500	1.614042	1.900030	586.016290	6.438163	-10.607817	0.127909	17.559239	10.500601	0.000000	
209	1.04000	1.523809	1.762911	586.554239	6.338257	-10.617923	0.123606	17.566142	10.329699	0.000000	
210	1.04500	1.661734	1.762779	587.001592	6.383700	-10.562894	0.114070	17.449251	10.398981	0.000000	
211	1.05000	1.662777	1.716835	587.538989	6.338442	-10.581680	0.118719	17.464799	10.315252	0.000000	
212	1.05500	1.708106	1.580778	587.629015	6.302152	-10.636360	0.104920	17.552013	10.261154	0.000000	
213	1.06000	1.572660	1.511619	588.166031	6.256800	-10.627957	0.100684	17.530548	10.179071	0.000000	
214	1.06500	1.641124	1.466308	588.166105	6.283874	-10.572875	0.082116	17.432224	10.228192	0.000000	
215	1.07000	1.665023	1.443081	588.614004	6.265887	-10.609746	0.100502	17.479642	10.191165	0.000000	
216	1.07500	1.711426	1.397496	588.971603	6.293293	-10.627744	0.091249	17.496163	10.234399	0.000000	
217	1.08000	1.733647	1.443218	588.972347	6.220635	-10.619157	0.095765	17.480047	10.107906	0.000000	
218	1.08500	1.620800	1.556032	589.150281	6.275171	-10.564520	0.105147	17.389585	10.189628	0.000000	
219	1.09000	1.710742	1.329721	588.702806	6.320295	-10.572461	0.054452	17.410489	10.289722	0.000000	
220	1.09500	1.779123	1.466400	588.791634	6.347859	-10.608747	0.068058	17.464765	10.325615	0.000000	
221	1.10000	1.710667	1.443443	588.702360	6.329519	-10.572491	0.063599	17.410558	10.297646	0.000000	
222	1.10500	1.730945	1.604102	587.984983	6.356948	-10.608123	0.040497	17.491543	10.346326	0.000000	
223	1.11000	1.777127	1.626581	588.074597	6.384210	-10.608096	0.058773	17.485615	10.389520	0.000000	
224	1.11500	1.775918	1.490711	587.538146	6.383876	-10.607685	0.040420	17.501357	10.408042	0.000000	
225	1.12000	1.729559	1.650195	587.178854	6.438538	-10.625470	0.045060	17.545788	10.496821	0.000000	
226	1.12500	1.819558	1.787510	586.909796	6.456774	-10.597647	0.030970	17.500469	10.523478	0.000000	
227	1.13000	1.728449	1.809953	586.819941	6.465888	-10.615979	0.040379	17.540686	10.539140	0.000000	
228	1.13500	1.886787	1.901991	586.461541	6.511397	-10.633425	0.035372	17.570581	10.617100	0.000000	
229	1.14000	1.819069	1.924232	586.909310	6.438893	-10.634262	0.040135	17.562904	10.483673	0.000000	
230	1.14500	1.864433	2.015511	586.908637	6.466300	-10.633954	0.035395	17.559298	10.524140	0.000000	
231	1.15000	1.819902	1.969348	587.177316	6.466356	-10.661630	0.053938	17.601242	10.522412	0.000000	
232	1.15500	1.774863	2.037296	587.355317	6.502934	-10.688867	0.058642	17.645228	10.576749	0.000000	
233	1.16000	1.886154	2.084426	586.549842	6.502776	-10.678969	0.030738	17.645563	10.588268	0.000000	
234	1.16500	1.932460	2.175033	586.728869	6.521057	-10.679136	0.058183	17.637164	10.609888	0.000000	
235	1.17000	1.978422	2.197674	586.908103	6.512084	-10.697548	0.071877	17.659874	10.589703	0.000000	
236	1.17500	1.888860	2.196890	587.443713	6.566888	-10.724785	0.067537	17.695863	10.673070	0.000000	
237	1.18000	1.977797	2.243824	586.816876	6.575895	-10.714885	0.035096	17.692274	10.696989	0.000000	
238	1.18500	1.978750	2.243103	586.996771	6.557625	-10.697222	0.067267	17.656564	10.662526	0.000000	
239	1.19000	1.931931	2.312129	586.906065	6.539730	-10.724290	0.030588	17.708681	10.629020	0.000000	
240	1.19500	1.931470	2.380584	586.726640	6.557982	-10.742336	0.035164	17.745016	10.658804	0.000000	
241	1.20000	1.931745	2.266611	586.727675	6.530484	-10.724377	0.039792	17.714356	10.619713	0.000000	
242	1.20500	1.955618	2.311596	587.175240	6.521465	-10.679138	0.044301	17.621848	10.592914	0.000000	
243	1.21000	1.977488	2.312031	586.817592	6.512339	-10.715514	0.053454	17.693344	10.584005	0.000000	
244	1.21500	1.839965	2.221003	586.460088	6.466735	-10.743186	0.053816	17.760990	10.519142	0.000000	
245	1.22000	1.817715	2.311801	586.817143	6.475996	-10.697611	0.035426	17.673776	10.522097	0.000000	
246	1.22500	1.817606	2.311752	586.817718	6.439538	-10.661462	0.035398	17.612164	10.459962	0.000000	
247	1.23000	1.795777	2.311398	587.085151	6.503304	-10.679321	0.030880	17.635857	10.563673	0.000000	
248	1.23500	1.725870	2.312230	586.905574	6.448877	-10.679242	-0.014936	17.646031	10.474222	0.000000	
249	1.24000	1.817815	2.175424	587.086313	6.412325	-10.679677	0.007896	17.634920	10.417979	0.000000	
250	1.24500	1.725820	2.243832	586.817267	6.403287	-10.688814	0.003481	17.665065	10.402839	0.000000	
251	1.25000	1.726019	2.107448	586.996467	6.385126	-10.716126	-0.014824	17.706056	10.377940	0.000000	
252	1.25500	1.657979	2.038634	587.087368	6.303126	-10.680577	-0.000872	17.647347	10.241309	0.000000	
253	1.26000	1.726101	1.947886	586.909180	6.302899	-10.671303	-0.001009	17.632377	10.250345	0.000000	
254	1.26500	1.657532	1.902451	586.908819	6.293834	-10.680377	-0.019211	17.652537	10.238013	0.000000	
255	1.27000	1.841138	1.947498	587.447515	6.239407	-10.672083	0.026324	17.609292	10.132571	0.000000	
256	1.27500	1.680644	1.811172	586.910159	6.257270	-10.671690	-0.000848	17.636114	10.181930	0.000000	
257	1.28000	1.680381	1.811166	586.821328	6.220837	-10.662900	0.008335	17.623888	10.121441	0.000000	
258	1.28500	1.658066	1.719523	586.554158	6.229425	-10.608453	0.035955	17.540815	10.147125	0.000000	
259	1.29000	1.635847	1.742033	586.732408	6.265878	-10.608263	0.031411	17.536549	10.204524	0.000000	
260	1.29500	1.636374	1.673318	586.823209	6.220278	-10.599757	0.054418	17.519239	10.129883	0.000000	
261	1.30000	1.636304	1.718762	586.913100	6.174966	-10.618450	0.068206	17.548344	10.047965	0.000000	
262	1.30500	1.568640	1.604479	586.913258	6.201992	-10.600170	0.068399	17.521819	10.101825	0.000000	
263	1.31000	1.682526	1.650021	586.735170	6.210818	-10.536353	0.086447	17.410713	10.116926	0.000000	
264	1.31500	1.683110	1.513399	587.004021	6.192703	-10.582046	0.081949	17.480343	10.090609	0.000000	
265	1.32000	1.728120	1.513622	586.826028	6.147169	-10.582361	0.095625	17.483234	10.016169	0.000000	
266	1.32500	1.727084	1.582200	586.378691	6.146920	-10.518424	0.090936	17.387935	10.018963	0.000000	
267	1.33000	1.728190	1.604437	586.915724	6.119846	-10.509783	0.095537	17.356832	9.961820	0.000000	
268	1.33500	1.773027	1.491067	586.558941	6.092352	-10.537155	0.104675	17.411249	9.928980	0.000000	
269	1.34000	1.614645	1.467174	586.738086	6.083146	-10.510425	0.123432	17.371078	9.911784	0.000000	
270	1.34500	1.682531	1.422049	586.559720	6.073887	-10.492065	0.118673	17.340544	9.902208	0.000000	
271	1.35000	1.683754	1.353018	586.829249	6.055592	-10.483494	0.146284	17.317693	9.871042	0.000000	
272	1.35500	1.773283	1.422423	586.470847	6.055715	-10.510312	0.127662	17.368141	9.872752	0.000000	
273	1.36000	1.774488	1.421608	586.919511	5.992144	-10.502174	0.159849	17.340587	9.756676	0.000000	
274	1.36500	1.728504	1.466979	586.741013	5.955615	-10.447866	0.164486	17.256579	9.694391	0.000000	
275	1.37000	1.682664	1.557950	586.740657	5.937549	-10.438956	0.164548	17.244540	9.657385	0.000000	
276	1.37500	1.729043	1.443810	586.920940	5.910217	-10.475843	0.192102	17.298787	9.615546	0.000000	
277	1.38000	1.730436	1.442925	587.100195	5.955412	-10.402998	0.210443	17.169203	9.689542	0.000000	
278	1.38500	1.775664	1.556806	587.190241	5.891944	-10.394446	0.224076	17.148848	9.572129	0.000000	
279	1.39000	1.729757	1.647616	587.011442	5.873550	-10.303562	0.224071	17.002516	9.537610	0.000000	
280	1.39500	1.798857	1.624680	587.190601	5.900851	-10.321692	0.237731	17.023350	9.582654	0.000000	
281	1.40000	1.821791	1.647080	587.102336	5.864363	-10.313156	0.274432	17.009868	9.520468	0.000000	
282	1.40500	1.775714	1.806319	587.102132	5.818982	-10.249783	0.269829	16.905081	9.432290	0.000000	
283	1.41000	1.572218	1.736463	587.191980	5.836726	-10.159200	0.288661	16.762073	9.465784	0.000000	
284	1.41500	1.571551	1.850531	587.012368	5.846120	-10.241151	0.307056	16.906985	9.476994	0.000000	
285	1.42000	1.502979	1.895747	586.743933	5.854955	-10.177426	0.311737	16.811001	9.493458	0.000000	
286	1.42500	1.548786	1.964061	587.012154	5.845966	-10.131885	0.297789	16.722409	9.468974	0.000000	
287	1.43000	1.548717	1.918330	586.744717	5.836540	-10.095631	0.316157	16.668445	9.460515	0.000000	
288	1.43500	1.480284	1.940975	586.833964	5.809349	-10.086762	0.307110	16.655410	9.411139	0.000000	
289	1.44000	1.435795	1.962961	587.012751	5.845537	-10.013902	0.311759	16.529127	9.468309	0.000000	
290	1.44500	1.389281	2.099495	586.744787	5.781811	-9.950689	0.320944	16.432319	9.354847	0.000000	
291	1.45000	1.435485	2.121877	586.834791	5.790786	-9.914388	0.339192	16.364714	9.367121	0.000000	
292	1.45500	1.390199	2.007908	587.014503	5.736257	-9.942210	0.339371	16.410065	9.279044	0.000000	
293	1.46000	1.411881	2.053889	586.567191	5.736194	-9.960285	0.348489	16.452239	9.283137	0.000000	
294	1.46500	1.436520	1.939191	586.925869	5.772273	-9.905699	0.362246	16.347233	9.346562	0.000000	
295	1.47000	1.344167	1.916499	586.479702	5.681064	-9.860825	0.367012	16.289804	9.199975	0.000000	
296	1.47500	1.389502	1.939461	586.390246	5.690122	-9.851556	0.366886	16.273445	9.215309	0.000000	
297	1.48000	1.320773	1.916659	586.480547	5.590299	-9.897981	0.376284	16.354735	9.045188	0.000000	
298	1.48500	1.252521	1.757073	586.302537	5.571694	-9.852594	0.371871	16.287090	9.027234	0.000000	
299	1.49000	1.276253	1.756436	586.572095	5.535272	-9.825911	0.399388	16.232294	8.960873	0.000000	
300	1.49500	1.254270	1.619592	586.930665	5.498886	-9.826253	0.390316	16.224200	8.902545	0.000000	
301	1.50000	1.277204	1.483139	587.110747	5.435356	-9.899633	0.399570	16.342508	8.800824	0.000000	
302	1.50500	1.345415	1.597041	587.379773	5.362707	-9.818143	0.390118	16.191429	8.665164	0.000000	
303	1.51000	1.256669	1.504524	588.006739	5.362718	-9.827982	0.422578	16.196495	8.661880	0.000000	
304	1.51500	1.256297	1.391108	587.917427	5.353595	-9.864267	0.408857	16.260764	8.655473	0.000000	
305	1.52000	1.347604	1.254692	588.098280	5.271603	-9.837473	0.408683	16.203839	8.522592	0.000000	
306	1.52500	1.255452	1.300063	587.651896	5.198620	-9.792617	0.427212	16.146438	8.402044	0.000000	
307	1.53000	1.232479	1.254803	587.561578	5.244007	-9.782912	0.399694	16.134039	8.483727	0.000000	
308	1.53500	1.391737	1.141456	587.384235	5.225518	-9.764625	0.408539	16.097025	8.462664	0.000000	
309	1.54000	1.321883	1.210259	587.115703	5.153046	-9.828813	0.408707	16.218689	8.338556	0.000000	
310	1.54500	1.388771	1.324725	586.489180	5.180145	-9.801006	0.413053	16.184486	8.386216	0.000000	
311	1.55000	1.388246	1.279436	586.400454	5.125519	-9.792198	0.408463	16.172016	8.297485	0.000000	
312	1.55500	1.275316	1.188026	586.846705	5.153005	-9.828481	0.381231	16.228940	8.343992	0.000000	
313	1.56000	1.229100	1.302025	586.846027	5.125976	-9.837737	0.372104	16.247891	8.290149	0.000000	
314	1.56500	1.318701	1.325639	586.309734	5.107620	-9.828400	0.371853	16.241091	8.265133	0.000000	
315	1.57000	1.249848	1.325875	586.219413	5.116776	-9.837262	0.349033	16.263490	8.282064	0.000000	
316	1.57500	1.249849	1.212114	586.220288	5.080252	-9.828369	0.344475	16.248294	8.227534	0.000000	
317	1.58000	1.249986	1.212101	586.309636	5.080386	-9.864854	0.349102	16.307972	8.226456	0.000000	
318	1.58500	1.271621	1.258224	585.951475	5.080400	-9.882820	0.344433	16.347384	8.228566	0.000000	
319	1.59000	1.225437	1.303845	585.772389	5.062145	-9.846441	0.335293	16.293574	8.196901	0.000000	
320	1.59500	1.249001	1.280779	586.041081	5.062207	-9.855717	0.344460	16.300119	8.194665	0.000000	
321	1.60000	1.225373	1.417903	586.218806	5.026383	-9.910429	0.321520	16.389995	8.121575	0.000000	
322	1.60500	1.202933	1.326572	586.219617	5.007931	-9.865092	0.321576	16.314170	8.096339	0.000000	
323	1.61000	1.249536	1.280706	586.398539	5.062409	-9.864821	0.330690	16.305409	8.189803	0.000000	
324	1.61500	1.272008	1.326314	586.399052	5.017065	-9.883442	0.344421	16.335611	8.109347	0.000000	
325	1.62000	1.248885	1.326527	586.398722	5.007966	-9.855999	0.321470	16.290403	8.093822	0.000000	
326	1.62500	1.339897	1.303973	586.399749	4.971577	-9.865357	0.335061	16.300104	8.033296	0.000000	
327	1.63000	1.385087	1.349922	586.309413	5.017027	-9.837395	0.311930	16.251897	8.108961	0.000000	
328	1.63500	1.248848	1.258211	586.309941	4.989574	-9.828789	0.321473	16.246529	8.068408	0.000000	
329	1.64000	1.340418	1.190145	586.758086	4.935168	-9.829072	0.307513	16.228010	7.973907	0.000000	
330	1.64500	1.248805	1.167349	586.399764	4.962246	-9.819725	0.303119	16.228520	8.026733	0.000000	
331	1.65000	1.250866	1.143548	587.116094	4.953221	-9.783831	0.316919	16.146916	8.002761	0.000000	
332	1.65500	1.204210	1.144083	586.847130	4.944100	-9.774461	0.289428	16.141739	7.991012	0.000000	
333	1.66000	1.272449	1.144193	586.848023	4.907715	-9.774753	0.303057	16.137545	7.928991	0.000000	
334	1.66500	1.319092	1.143729	587.116658	4.934920	-9.738306	0.312128	16.064697	7.971570	0.000000	
335	1.67000	1.251433	1.029556	587.116281	4.989349	-9.765337	0.312356	16.115373	8.072085	0.000000	
336	1.67500	1.318326	1.053207	586.848295	4.934691	-9.710608	0.284553	16.025095	7.981178	0.000000	
337	1.68000	1.251374	1.052458	587.205234	4.998458	-9.728670	0.289339	16.050426	8.084755	0.000000	
338	1.68500	1.274320	1.029532	587.206100	4.971065	-9.710769	0.303071	16.018350	8.039660	0.000000	
339	1.69000	1.340892	0.962284	586.580515	4.943502	-9.701351	0.289117	16.015284	8.006224	0.000000	
340	1.69500	1.319027	1.030198	587.026890	4.971091	-9.719533	0.284577	16.035244	8.042222	0.000000	
341	1.70000	1.318317	1.098916	586.936697	4.971352	-9.774044	0.279990	16.130698	8.039258	0.000000	
342	1.70500	1.317506	1.099318	586.757877	4.943888	-9.701069	0.252347	16.011430	7.994982	0.000000	
343	1.71000	1.342485	0.984465	587.205958	4.989230	-9.710350	0.284543	16.012981	8.073676	0.000000	
344	1.71500	1.318513	1.030632	587.026425	4.962198	-9.764950	0.270820	16.112661	8.027049	0.000000	
345	1.72000	1.274474	1.120656	587.742566	4.907885	-9.720334	0.284673	16.019598	7.918279	0.000000	
346	1.72500	1.274164	1.007076	587.474428	4.925792	-9.710905	0.275509	16.011078	7.960295	0.000000	
347	1.73000	1.342295	1.007447	587.474362	4.934821	-9.674147	0.256935	15.943856	7.975640	0.000000	
348	1.73500	1.432970	1.007959	587.385052	4.934879	-9.701273	0.256738	15.986331	7.976970	0.000000	
349	1.74000	1.387666	0.916649	587.475367	4.889246	-9.665247	0.252260	15.925578	7.904252	0.000000	
350	1.74500	1.364183	1.008030	587.385040	4.889511	-9.710692	0.247710	16.007067	7.899728	0.000000	
351	1.75000	1.432022	1.008486	587.385487	4.853084	-9.665146	0.229128	15.924880	7.837676	0.000000	
352	1.75500	1.409643	1.031041	587.474333	4.889520	-9.674066	0.229183	15.939119	7.896917	0.000000	
353	1.76000	1.362840	1.099773	587.115887	4.880379	-9.646554	0.210841	15.905452	7.881688	0.000000	
354	1.76500	1.339892	1.099671	586.937157	4.880299	-9.655758	0.224684	15.927678	7.884067	0.000000	
355	1.77000	1.520894	1.055171	586.580676	4.834652	-9.646550	0.224254	15.909538	7.814300	0.000000	
356	1.77500	1.431286	1.054426	587.116236	4.889442	-9.664638	0.215310	15.931565	7.900219	0.000000	
357	1.78000	1.521849	1.191408	587.026425	4.898641	-9.646196	0.215024	15.896462	7.907788	0.000000	
358	1.78500	1.475926	1.350826	587.114562	4.907994	-9.627840	0.196669	15.865885	7.911582	0.000000	
359	1.79000	1.499153	1.327855	587.204451	4.907934	-9.618841	0.205815	15.846477	7.911784	0.000000	
360	1.79500	1.476649	1.304927	587.204215	4.935068	-9.582192	0.196658	15.785609	7.959563	0.000000	
361	1.80000	1.476773	1.327712	587.382899	4.926154	-9.600479	0.192072	15.811801	7.940301	0.000000	
362	1.80500	1.658199	1.442107	587.025640	4.935150	-9.582031	0.214556	15.777856	7.952854	0.000000	
363	1.81000	1.543626	1.442198	586.935789	4.898748	-9.545726	0.187210	15.726316	7.892099	0.000000	
364	1.81500	1.567341	1.396481	587.383091	4.898987	-9.591379	0.187227	15.790115	7.889349	0.000000	
365	1.82000	1.635581	1.419537	587.472512	4.898924	-9.527372	0.164029	15.674031	7.886412	0.000000	
366	1.82500	1.430800	1.441443	587.382724	4.889806	-9.536998	0.182891	15.706872	7.870652	0.000000	
367	1.83000	1.566050	1.465390	587.024654	4.898875	-9.536338	0.159564	15.706346	7.889481	0.000000	
368	1.83500	1.497828	1.487994	587.203153	4.880947	-9.582140	0.159755	15.784102	7.854899	0.000000	
369	1.84000	1.544203	1.464939	587.472027	4.880864	-9.536684	0.159634	15.696137	7.852574	0.000000	
370	1.84500	1.565516	1.488550	587.203593	4.835451	-9.536609	0.136576	15.701925	7.777375	0.000000	
371	1.85000	1.543829	1.487893	587.561771	4.826463	-9.546148	0.155037	15.709806	7.757165	0.000000	
372	1.85500	1.543106	1.488168	587.203920	4.835391	-9.536836	0.155016	15.703835	7.777294	0.000000	
373	1.86000	1.497761	1.465277	587.562180	4.762861	-9.546559	0.145957	15.713641	7.650458	0.000000	
374	1.86500	1.520568	1.487885	587.383562	4.780796	-9.491821	0.155041	15.623803	7.681881	0.000000	
375	1.87000	1.428642	1.510710	587.115025	4.753462	-9.482885	0.150631	15.622210	7.637440	0.000000	
376	1.87500	1.474164	1.397255	587.115238	4.762352	-9.446069	0.122963	15.556387	7.660334	0.000000	
377	1.88000	1.518032	1.557521	586.756480	4.753654	-9.536955	0.127441	15.718058	7.639450	0.000000	
378	1.88500	1.404889	1.511112	586.846674	4.726052	-9.446403	0.132259	15.569010	7.594361	0.000000	
379	1.89000	1.564083	1.443818	587.115019	4.717173	-9.473253	0.095169	15.596548	7.580204	0.000000	
380	1.89500	1.495477	1.443498	586.757537	4.716983	-9.482597	0.122903	15.626929	7.584737	0.000000	
381	1.90000	1.540062	1.466884	586.488972	4.716850	-9.436674	0.099758	15.552931	7.586546	0.000000	
382	1.90500	1.563415	1.421072	586.758481	4.662323	-9.437274	0.113523	15.545014	7.493101	0.000000	
383	1.91000	1.493883	1.398545	586.311761	4.607601	-9.437615	0.118270	15.562528	7.407292	0.000000	
384	1.91500	1.425492	1.307650	586.221268	4.662136	-9.473467	0.095508	15.630837	7.507741	0.000000	
385	1.92000	1.401627	1.353223	585.775158	4.589125	-9.419408	0.113871	15.552418	7.385967	0.000000	
386	1.92500	1.470345	1.398757	586.043660	4.580176	-9.410378	0.113696	15.524980	7.364031	0.000000	
387	1.93000	1.401826	1.353171	586.043880	4.543767	-9.401537	0.104673	15.514580	7.305023	0.000000	
388	1.93500	1.470182	1.194104	585.955472	4.534357	-9.374068	0.095360	15.465427	7.301014	0.000000	
389	1.94000	1.424222	1.194116	585.955970	4.470759	-9.374575	0.095465	15.469426	7.192470	0.000000	
390	1.94500	1.401689	1.193911	585.955812	4.488914	-9.374533	0.100116	15.470901	7.223470	0.000000	
391	1.95000	1.425452	1.125346	586.493295	4.443594	-9.374989	0.095513	15.455480	7.143943	0.000000	
392	1.95500	1.380305	1.102027	586.583876	4.388815	-9.302769	0.104770	15.332995	7.050994	0.000000	
393	1.96000	1.265839	1.056662	586.404123	4.397944	-9.339012	0.086689	15.407467	7.071937	0.000000	
394	1.96500	1.266400	0.965016	586.585579	4.279587	-9.322090	0.123491	15.373680	6.874136	0.000000	
395	1.97000	1.245594	0.918592	587.121949	4.343219	-9.294612	0.123565	15.313861	6.979084	0.000000	
396	1.97500	1.357445	0.919663	586.407459	4.288337	-9.258118	0.123242	15.263158	6.894357	0.000000	
397	1.98000	1.357880	1.010646	586.854016	4.279665	-9.285567	0.114048	15.297959	6.867841	0.000000	
398	1.98500	1.198980	0.918904	586.943633	4.261271	-9.240376	0.105235	15.229429	6.841673	0.000000	
399	1.99000	1.197937	0.873674	586.587178	4.179263	-9.240937	0.119028	15.239974	6.709336	0.000000	
400	1.99500	1.222157	0.964036	587.123604	4.206685	-9.195484	0.123522	15.146583	6.743410	0.000000	
401	2.00000	1.198240	1.010249	587.212782	4.125268	-9.250475	0.100615	15.239500	6.600524	0.000000	
402	2.00500	1.222138	0.918531	587.393148	4.106806	-9.205386	0.123555	15.156293	6.573223	0.000000	
403	2.01000	1.199467	0.827345	587.483717	4.043091	-9.205947	0.128244	15.156394	6.469930	0.000000	
404	2.01500	1.199844	0.804560	587.751973	4.034200	-9.242474	0.123693	15.211401	6.453244	0.000000	
405	2.02000	1.199883	0.827235	587.752020	4.034058	-9.178678	0.114443	15.102853	6.451454	0.000000	
406	2.02500	1.199206	0.827331	587.484619	3.979391	-9.179134	0.132819	15.110748	6.361492	0.000000	
407	2.03000	1.222349	0.827397	587.752606	3.988647	-9.188104	0.118992	15.117343	6.374174	0.000000	
408	2.03500	1.244457	0.873235	587.394327	4.024942	-9.196817	0.123511	15.140149	6.436937	0.000000	
409	2.04000	1.245490	0.827311	587.752262	4.034175	-9.233402	0.132764	15.192840	6.451645	0.000000	
410	2.04500	1.222260	0.827099	587.485240	3.970173	-9.152007	0.146535	15.062982	6.345811	0.000000	
411	2.05000	1.243835	0.850620	587.126704	3.988369	-9.169705	0.128085	15.101112	6.379286	0.000000	
412	2.05500	1.039036	0.827226	587.215726	3.961151	-9.179291	0.123988	15.129079	6.333514	0.000000	
413	2.06000	1.129063	0.964450	586.857323	3.988410	-9.151463	0.119089	15.085007	6.374665	0.000000	
414	2.06500	1.174949	0.896115	587.037325	3.942860	-9.124486	0.118995	15.031157	6.299679	0.000000	
415	2.07000	1.062024	0.895176	587.216366	3.942759	-9.088476	0.133033	14.972837	6.297542	0.000000	
416	2.07500	1.106615	1.009573	587.126528	3.915788	-9.134054	0.132909	15.049775	6.244803	0.000000	
417	2.08000	1.107714	0.849773	587.485643	3.879164	-9.070664	0.123746	14.932335	6.189344	0.000000	
418	2.08500	1.109294	0.894613	588.290822	3.852234	-9.062085	0.123751	14.896617	6.131551	0.000000	
419	2.09000	1.085834	0.849395	588.022497	3.843146	-9.116720	0.128450	14.998125	6.122142	0.000000	
420	2.09500	1.085897	0.849157	587.933738	3.824737	-9.062305	0.137599	14.907897	6.091826	0.000000	
421	2.10000	1.107391	0.827335	587.485303	3.879175	-9.061323	0.100764	14.916467	6.190900	0.000000	
422	2.10500	0.950082	0.962024	588.021950	3.888385	-9.025801	0.147045	14.852787	6.191395	0.000000	
423	2.11000	1.016923	0.917360	587.485858	3.860842	-9.007369	0.137674	14.830793	6.153539	0.000000	
424	2.11500	0.880344	0.871442	587.216582	3.924258	-8.997878	0.133401	14.830964	6.267655	0.000000	
425	2.12000	1.015143	1.031719	586.590675	3.905912	-8.942979	0.137548	14.744437	6.232481	0.000000	
426	2.12500	1.016321	1.031106	586.859016	3.942274	-8.933885	0.151343	14.721922	6.291472	0.000000	
427	2.13000	0.924288	0.985760	586.411527	3.942089	-8.942889	0.146967	14.755139	6.299332	0.000000	
428	2.13500	0.856277	1.144892	586.857333	3.942661	-8.988576	0.137920	14.826102	6.284368	0.000000	
429	2.14000	0.969322	1.145506	586.589777	3.915223	-8.961180	0.137622	14.778624	6.240580	0.000000	
430	2.14500	1.014911	1.168410	586.589489	3.942500	-8.951775	0.132903	14.759479	6.285516	0.000000	
431	2.15000	0.877851	1.122480	586.232134	3.914985	-8.952214	0.151615	14.778871	6.245775	0.000000	
432	2.15500	0.786386	1.031478	586.053026	3.914815	-8.942987	0.133464	14.774039	6.253733	0.000000	
433	2.16000	0.854181	1.145616	585.873751	3.933135	-8.970124	0.147062	14.820367	6.279207	0.000000	
434	2.16500	0.877200	0.986314	585.695331	3.969088	-8.933276	0.137847	14.760522	6.353529	0.000000	
435	2.17000	0.967361	0.964039	585.338889	3.914270	-8.897063	0.146793	14.701725	6.265489	0.000000	
436	2.17500	0.945251	0.963560	585.428433	3.932441	-8.906302	0.165245	14.716707	6.295549	0.000000	
437	2.18000	0.877638	0.872274	585.785904	3.932668	-8.970160	0.156310	14.821108	6.298131	0.000000	
438	2.18500	0.876983	0.895214	585.428092	3.941629	-8.970044	0.165480	14.830278	6.315932	0.000000	
439	2.19000	0.946234	0.963264	585.964984	3.923695	-8.952088	0.165299	14.780907	6.274552	0.000000	
440	2.19500	0.969304	0.735661	585.966621	3.878106	-9.025368	0.183778	14.904343	6.212321	0.000000	
441	2.20000	0.970032	0.758302	586.502867	3.869292	-9.016312	0.160799	14.874830	6.189739	0.000000	
442	2.20500	0.969406	0.735903	586.323913	3.860169	-9.025304	0.151614	14.894882	6.177709	0.000000	
443	2.21000	0.968579	0.736135	585.876902	3.859949	-9.016115	0.160783	14.890947	6.182304	0.000000	
444	2.21500	1.015786	0.576250	586.504600	3.814642	-9.080567	0.183796	14.981210	6.108998	0.000000	
445	2.22000	1.062312	0.553545	587.219815	3.805958	-9.107871	0.156165	15.005754	6.087887	0.000000	
446	2.22500	1.017019	0.552955	586.951986	3.823751	-9.044244	0.179199	14.907494	6.121182	0.000000	
447	2.23000	1.040004	0.461731	586.863777	3.796327	-9.071953	0.206779	14.955443	6.081664	0.000000	
448	2.23500	1.039085	0.530739	586.862531	3.796738	-9.144508	0.183821	15.079171	6.077659	0.000000	
449	2.24000	0.971311	0.507471	586.951990	3.805616	-9.071691	0.174747	14.957380	6.093394	0.000000	
450	2.24500	1.061597	0.439888	586.773971	3.760143	-9.108195	0.174580	15.018086	6.022477	0.000000	
451	2.25000	1.062456	0.416946	587.041438	3.823920	-9.135072	0.165428	15.056772	6.129781	0.000000	
452	2.25500	0.903630	0.461496	587.130885	3.805785	-9.144862	0.193374	15.081943	6.094860	0.000000	
453	2.26000	0.972301	0.393736	587.577549	3.815241	-9.208247	0.161128	15.173335	6.110678	0.000000	
454	2.26500	0.971951	0.461811	587.220214	3.815007	-9.171986	0.188641	15.121104	6.109562	0.000000	
455	2.27000	0.971974	0.552925	587.398330	3.824350	-9.180997	0.179424	15.131728	6.117283	0.000000	
456	2.27500	1.017471	0.575923	587.487613	3.824578	-9.235613	0.183949	15.219219	6.115116	0.000000	
457	2.28000	1.084986	0.667371	587.219381	3.815431	-9.208206	0.188317	15.175081	6.096244	0.000000	
458	2.28500	0.972979	0.643394	587.755865	3.842710	-9.172063	0.193185	15.106990	6.138404	0.000000	
459	2.29000	1.109353	0.644058	587.666092	3.888195	-9.189610	0.183682	15.129910	6.216751	0.000000	
460	2.29500	1.132016	0.803355	587.665454	3.906587	-9.198689	0.197362	15.143828	6.237176	0.000000	
461	2.30000	1.133455	0.848129	588.022890	3.961234	-9.198653	0.215746	15.134202	6.323046	0.000000	
462	2.30500	1.223660	0.894306	587.664826	3.988460	-9.207278	0.215508	15.152202	6.370292	0.000000	
463	2.31000	1.133112	0.962039	587.753283	4.034090	-9.243681	0.229516	15.217976	6.442289	0.000000	
464	2.31500	1.134292	1.029732	588.110551	4.079686	-9.234511	0.238690	15.192796	6.511070	0.000000	
465	2.32000	1.200857	1.099144	587.662624	4.079733	-9.243078	0.215507	15.214737	6.511644	0.000000	
466	2.32500	1.200699	1.212977	587.482477	4.152490	-9.233398	0.215449	15.203069	6.629819	0.000000	
467	2.33000	1.222902	1.213347	587.213764	4.179695	-9.242116	0.210796	15.223552	6.679318	0.000000	
468	2.33500	1.177035	1.395317	587.123146	4.207231	-9.269396	0.224637	15.275569	6.714865	0.000000	
469	2.34000	1.268004	1.327488	587.123526	4.207147	-9.260017	0.210654	15.253366	6.719355	0.000000	
470	2.34500	1.220697	1.578453	586.584865	4.243828	-9.314250	0.215277	15.363461	6.771214	0.000000	
471	2.35000	1.108382	1.509652	587.388472	4.280576	-9.341375	0.174253	15.395704	6.828726	0.000000	
472	2.35500	1.176593	1.555080	586.941508	4.334890	-9.350243	0.215436	15.418201	6.923630	0.000000	
473	2.36000	1.197619	1.601502	586.494117	4.298488	-9.340978	0.196952	15.413056	6.863938	0.000000	
474	2.36500	1.129993	1.623679	586.493385	4.362145	-9.368134	0.215512	15.464006	6.970968	0.000000	
475	2.37000	1.243069	1.783813	586.582071	4.353420	-9.376963	0.196803	15.468918	6.944029	0.000000	
476	2.37500	1.219952	1.715519	586.224679	4.362216	-9.367785	0.206057	15.464538	6.968160	0.000000	
477	2.38000	1.220523	1.647038	586.493595	4.334984	-9.377187	0.206102	15.473242	6.923056	0.000000	
478	2.38500	1.219531	1.761387	586.223907	4.371545	-9.413124	0.196879	15.541929	6.980944	0.000000	
479	2.39000	1.378627	1.716532	586.224823	4.344284	-9.431273	0.196537	15.561972	6.937500	0.000000	
480	2.39500	1.357218	1.624731	586.493767	4.362355	-9.431491	0.215025	15.556474	6.971249	0.000000	
481	2.40000	1.379284	1.602359	586.405044	4.298752	-9.450059	0.214989	15.589047	6.865425	0.000000	
482	2.40500	1.379510	1.511404	586.404763	4.335076	-9.477015	0.205854	15.635007	6.933597	0.000000	
483	2.41000	1.379338	1.488809	586.584167	4.271699	-9.541276	0.210512	15.739657	6.824871	0.000000	
484	2.41500	1.402947	1.442910	586.763577	4.280737	-9.541400	0.224275	15.733309	6.841217	0.000000	
485	2.42000	1.335314	1.306007	587.121991	4.235279	-9.541826	0.210713	15.728788	6.768757	0.000000	
486	2.42500	1.379967	1.420240	586.853328	4.235338	-9.541689	0.215146	15.732901	6.764307	0.000000	
487	2.43000	1.335705	1.215007	587.480247	4.190067	-9.605942	0.206213	15.828045	6.693669	0.000000	
488	2.43500	1.403537	1.215266	587.212564	4.180681	-9.542091	0.205995	15.722085	6.680882	0.000000	
489	2.44000	1.426520	1.260795	587.211810	4.235290	-9.550779	0.205931	15.735331	6.770776	0.000000	
490	2.44500	1.495759	1.215036	587.570451	4.217152	-9.551049	0.214996	15.721193	6.738681	0.000000	
491	2.45000	1.404595	1.101248	587.749561	4.162711	-9.587848	0.196901	15.785104	6.651663	0.000000	
492	2.45500	1.358978	1.146579	587.749523	4.144650	-9.615484	0.210800	15.835240	6.617839	0.000000	
493	2.46000	1.336625	1.009857	587.749836	4.162502	-9.560605	0.192482	15.743388	6.657544	0.000000	
494	2.46500	1.404643	0.987410	587.660951	4.144281	-9.569740	0.196930	15.756734	6.629132	0.000000	
495	2.47000	1.427153	1.101303	587.570978	4.162676	-9.615231	0.215249	15.835097	6.653729	0.000000	
496	2.47500	1.359492	0.987277	587.928666	4.153521	-9.569665	0.178660	15.752316	6.641677	0.000000	
497	2.48000	1.313981	0.964239	587.570524	4.216881	-9.560191	0.192548	15.749166	6.755349	0.000000	
498	2.48500	1.426845	0.965083	587.481839	4.153270	-9.551176	0.178478	15.728553	6.648088	0.000000	
499	2.49000	1.403982	1.056050	587.481271	4.162636	-9.615037	0.196930	15.838833	6.657822	0.000000	
500	2.49500	1.425972	1.033853	587.212510	4.180780	-9.632822	0.183099	15.875065	6.693448	0.000000	
501	2.50000	1.381770	0.987502	587.481061	4.208091	-9.669505	0.210843	15.933071	6.739880	0.000000	
502	2.50500	1.402989	1.011369	587.211663	4.208179	-9.668876	0.164802	15.938057	6.741654	0.000000	
503	2.51000	1.403262	1.147484	587.122015	4.235602	-9.714628	0.210745	16.018464	6.780142	0.000000	
504	2.51500	1.379670	1.147996	586.942336	4.244800	-9.750732	0.192432	16.086625	6.797962	0.000000	
505	2.52000	1.334917	1.147678	587.119963	4.326631	-9.731918	0.174147	16.052642	6.935197	0.000000	
506	2.52500	1.471126	1.216613	587.209514	4.308583	-9.713528	0.159998	16.009501	6.898639	0.000000	
507	2.53000	1.379675	1.284548	586.761657	4.353961	-9.749901	0.192372	16.090295	6.976865	0.000000	
508	2.53500	1.378409	1.262542	586.313756	4.372260	-9.849689	0.192439	16.273199	7.015184	0.000000	
509	2.54000	1.492354	1.353856	586.492642	4.372389	-9.822241	0.187525	16.213506	7.006906	0.000000	
510	2.54500	1.423754	1.399150	586.223954	4.390528	-9.840497	0.206057	16.256974	7.038122	0.000000	
511	2.55000	1.469803	1.444744	586.581151	4.409013	-9.867655	0.196773	16.289959	7.062014	0.000000	
512	2.55500	1.468670	1.445297	586.043861	4.445279	-9.903580	0.196780	16.366668	7.130659	0.000000	
513	2.56000	1.469254	1.399560	586.402304	4.399943	-9.913144	0.196818	16.372671	7.051901	0.000000	
514	2.56500	1.515311	1.422321	586.580632	4.445512	-9.921888	0.192120	16.379317	7.125778	0.000000	
515	2.57000	1.468359	1.559128	586.043641	4.427277	-9.912898	0.205934	16.382596	7.092149	0.000000	
516	2.57500	1.400796	1.649927	586.578610	4.464179	-9.967377	0.187732	16.464759	7.142056	0.000000	
517	2.58000	1.491693	1.627468	586.489814	4.454899	-9.921718	0.182894	16.383246	7.128904	0.000000	
518	2.58500	1.515168	1.649727	586.759339	4.400486	-9.949856	0.219635	16.421871	7.031208	0.000000	
519	2.59000	1.469986	1.649693	587.026666	4.427970	-9.967807	0.196782	16.447866	7.074667	0.000000	
520	2.59500	1.560864	1.559126	586.937751	4.427878	-9.985788	0.192019	16.474843	7.081829	0.000000	
521	2.60000	1.492786	1.513185	586.848599	4.427733	-9.986000	0.205984	16.482429	7.085852	0.000000	
522	2.60500	1.653004	1.558691	587.207203	4.418742	-9.967915	0.219383	16.430351	7.062887	0.000000	
523	2.61000	1.516673	1.512756	587.385764	4.400698	-10.004673	0.215158	16.497119	7.033051	0.000000	
524	2.61500	1.606756	1.513664	587.027284	4.446116	-10.022081	0.196558	16.530952	7.114871	0.000000	
525	2.62000	1.516045	1.490196	587.028212	4.400579	-10.031970	0.228964	16.553973	7.038891	0.000000	
526	2.62500	1.491943	1.445133	586.402335	4.391172	-10.022707	0.229005	16.557956	7.033825	0.000000	
527	2.63000	1.538108	1.490618	586.759686	4.409569	-10.022564	0.219700	16.544207	7.057568	0.000000	
528	2.63500	1.538247	1.444898	586.760635	4.373000	-9.977366	0.224281	16.467140	6.998358	0.000000	
529	2.64000	1.561331	1.422120	587.029447	4.336737	-9.977646	0.219649	16.458301	6.934774	0.000000	
530	2.64500	1.561265	1.422284	586.939139	4.391260	-9.977089	0.205857	16.459955	7.028779	0.000000	
531	2.65000	1.561337	1.331196	587.119454	4.300483	-10.041685	0.224333	16.564785	6.878122	0.000000	
532	2.65500	1.470823	1.421849	587.475894	4.328074	-10.050735	0.210740	16.576060	6.914506	0.000000	
533	2.66000	1.540018	1.330675	587.924287	4.282631	-10.032887	0.206023	16.528008	6.837891	0.000000	
534	2.66500	1.540033	1.307839	587.745417	4.309759	-10.032722	0.215220	16.532888	6.887795	0.000000	
535	2.67000	1.608477	1.353585	588.013759	4.291783	-10.032758	0.205857	16.520536	6.850797	0.000000	
536	2.67500	1.517686	1.216680	587.924527	4.300748	-10.078396	0.215350	16.606932	6.876485	0.000000	
537	2.68000	1.629565	1.331590	587.208684	4.309676	-10.050512	0.210392	16.572571	6.892652	0.000000	
538	2.68500	1.538071	1.422283	586.940176	4.300640	-10.087334	0.242763	16.649342	6.874372	0.000000	
539	2.69000	1.673440	1.355469	586.850333	4.291721	-10.132173	0.196532	16.719105	6.864849	0.000000	
540	2.69500	1.628366	1.332352	586.850022	4.328099	-10.168537	0.210467	16.784161	6.928423	0.000000	
541	2.70000	1.649840	1.355580	586.493259	4.246179	-10.159913	0.219575	16.778460	6.791588	0.000000	
542	2.70500	1.672051	1.333567	586.492012	4.282797	-10.222991	0.187401	16.884528	6.855544	0.000000	
543	2.71000	1.671116	1.424991	586.402570	4.228404	-10.223277	0.182762	16.887722	6.757629	0.000000	
544	2.71500	1.603488	1.333306	586.582648	4.173847	-10.260522	0.210573	16.950527	6.668711	0.000000	
545	2.72000	1.624375	1.311575	585.866582	4.191687	-10.214229	0.178290	16.891324	6.709235	0.000000	
546	2.72500	1.625621	1.311181	586.402763	4.219281	-10.259764	0.178345	16.953050	6.749859	0.000000	
547	2.73000	1.670109	1.266232	586.045778	4.173791	-10.314605	0.192073	17.054173	6.679644	0.000000	
548	2.73500	1.625488	1.174596	586.225229	4.173704	-10.323997	0.206021	17.067896	6.683614	0.000000	
549	2.74000	1.692122	1.266599	585.867407	4.128345	-10.333058	0.196622	17.089485	6.604190	0.000000	
550	2.74500	1.647749	1.152004	586.047227	4.128033	-10.278703	0.205935	16.994398	6.609370	0.000000	
551	2.75000	1.715396	1.311902	585.956541	4.164800	-10.351153	0.210358	17.116108	6.662243	0.000000	
552	2.75500	1.783421	1.175862	585.957395	4.128361	-10.369361	0.196475	17.142496	6.609363	0.000000	
553	2.76000	1.807184	1.197992	586.226606	4.110173	-10.351653	0.223990	17.102592	6.573623	0.000000	
554	2.76500	1.805759	1.198998	586.046828	4.092161	-10.378570	0.182631	17.153998	6.544945	0.000000	
555	2.77000	1.806438	1.221291	586.226163	4.083172	-10.406295	0.210230	17.195866	6.525974	0.000000	
556	2.77500	1.829995	1.061820	586.495402	4.064949	-10.433803	0.210271	17.233064	6.502657	0.000000	
557	2.78000	1.806812	1.039232	586.226564	4.101117	-10.406032	0.196514	17.195380	6.569044	0.000000	
558	2.78500	1.830798	1.106682	586.495618	4.101150	-10.397441	0.237808	17.171005	6.561309	0.000000	
559	2.79000	1.853570	1.129900	586.852346	4.110519	-10.387910	0.191784	17.142506	6.571481	0.000000	
560	2.79500	1.762896	1.015613	586.852934	4.092264	-10.433869	0.210465	17.227003	6.548183	0.000000	
561	2.80000	1.808653	1.129525	587.120504	4.110643	-10.397190	0.191908	17.153356	6.568554	0.000000	
562	2.80500	1.829677	1.061864	586.316792	4.055726	-10.415640	0.214848	17.207489	6.489013	0.000000	
563	2.81000	1.785955	0.992784	587.032355	4.064966	-10.406750	0.205810	17.173833	6.501132	0.000000	
564	2.81500	1.967489	1.130308	587.031516	4.101486	-10.369531	0.177720	17.098045	6.553951	0.000000	
565	2.82000	1.832561	0.969873	587.479206	4.101479	-10.406474	0.191940	17.156787	6.559634	0.000000	
566	2.82500	1.854942	1.152281	587.656943	4.101932	-10.433710	0.182646	17.196286	6.545856	0.000000	
567	2.83000	1.877436	1.015939	587.389328	4.101590	-10.415321	0.178028	17.171475	6.557733	0.000000	
568	2.83500	1.809372	0.902018	587.478709	4.101555	-10.433520	0.164461	17.204425	6.564405	0.000000	
569	2.84000	1.808961	1.015960	587.657659	4.038134	-10.406633	0.155206	17.153329	6.446593	0.000000	
570	2.84500	1.763845	1.038348	587.657092	4.083505	-10.379088	0.155284	17.109555	6.522278	0.000000	
571	2.85000	1.786834	0.969982	587.657880	4.065291	-10.415774	0.173672	17.170388	6.495943	0.000000	
572	2.85500	1.854949	0.970448	587.657421	4.092651	-10.433538	0.159736	17.195979	6.542476	0.000000	
573	2.86000	1.809135	0.993087	587.478460	4.092546	-10.415380	0.164410	17.173570	6.542852	0.000000	
574	2.86500	1.876252	1.153108	587.209446	4.092747	-10.433359	0.164188	17.207666	6.535417	0.000000	
575	2.87000	1.831671	0.993505	587.567285	4.101885	-10.469775	0.150610	17.261946	6.557674	0.000000	
576	2.87500	1.785447	1.016274	587.119884	4.119796	-10.433179	0.155261	17.216258	6.591892	0.000000	
577	2.88000	1.853350	1.107504	586.941166	4.119678	-10.378448	0.159613	17.123741	6.587568	0.000000	
578	2.88500	1.854221	0.993650	587.388235	4.128917	-10.405634	0.136713	17.156602	6.605792	0.000000	
579	2.89000	1.785224	1.061714	586.851433	4.146876	-10.396575	0.164399	17.161973	6.638107	0.000000	
580	2.89500	1.852710	1.039723	586.582623	4.174209	-10.450677	0.155085	17.257650	6.689414	0.000000	
581	2.90000	1.784429	1.062164	586.582678	4.155997	-10.432752	0.159819	17.231762	6.656831	0.000000	
582	2.90500	1.806666	1.176149	586.313675	4.192294	-10.395952	0.159683	17.175578	6.714154	0.000000	
583	2.91000	1.830149	1.198979	586.849462	4.210883	-10.432173	0.136685	17.219618	6.737813	0.000000	
584	2.91500	1.874832	1.199256	586.403129	4.183350	-10.414099	0.154934	17.199175	6.696240	0.000000	
585	2.92000	1.807432	1.153219	586.581378	4.237871	-10.413855	0.150524	17.198011	6.790195	0.000000	
586	2.92500	1.830366	1.198685	586.760511	4.210776	-10.432377	0.159665	17.222627	6.738726	0.000000	
587	2.93000	1.785033	1.334988	586.938420	4.229169	-10.414142	0.155114	17.189307	6.758593	0.000000	
588	2.93500	1.806309	1.335953	586.580069	4.220148	-10.450180	0.132089	17.260054	6.747495	0.000000	
589	2.94000	1.874416	1.290657	586.401816	4.219857	-10.395356	0.127303	17.167280	6.752258	0.000000	
590	2.94500	1.716158	1.334966	586.580307	4.247108	-10.377523	0.150637	17.142349	6.793520	0.000000	
591	2.95000	1.829173	1.290263	586.491700	4.192544	-10.377547	0.136593	17.137312	6.704625	0.000000	
592	2.95500	1.829352	1.313042	586.490830	4.247207	-10.413569	0.136612	17.198747	6.796279	0.000000	
593	2.96000	1.762002	1.335263	586.847787	4.283708	-10.404374	0.127578	17.176959	6.852609	0.000000	
594	2.96500	1.806602	1.403922	586.490281	4.265423	-10.386176	0.136609	17.153612	6.821128	0.000000	
595	2.97000	1.646669	1.472116	586.399290	4.283735	-10.386009	0.113968	17.167002	6.848801	0.000000	
596	2.97500	1.785186	1.448677	586.847684	4.311014	-10.395337	0.155053	17.159977	6.891384	0.000000	
597	2.98000	1.784368	1.494515	586.579199	4.301856	-10.377038	0.150414	17.136890	6.875953	0.000000	
598	2.98500	1.694704	1.584404	587.026375	4.302030	-10.368547	0.178182	17.115171	6.864595	0.000000	
599	2.99000	1.671898	1.584478	587.025722	4.329331	-10.368249	0.164446	17.116242	6.911104	0.000000	
600	2.99500	1.672057	1.493577	587.204801	4.311222	-10.395607	0.150719	17.157471	6.884263	0.000000	
601	3.00000	1.718360	1.584111	587.204761	4.365619	-10.340801	0.173520	17.060974	6.970712	0.000000	
602	3.00500	1.695786	1.515837	587.383757	4.347485	-10.349993	0.159824	17.072834	6.942272	0.000000	
603	3.01000	1.673905	1.515081	587.384211	4.374576	-10.331978	0.192042	17.043645	6.988440	0.000000	
604	3.01500	1.673208	1.515472	587.115416	4.392710	-10.340744	0.182845	17.066624	7.022661	0.000000	
605	3.02000	1.696774	1.492603	587.383106	4.447285	-10.322054	0.164412	17.025221	7.113774	0.000000	
606	3.02500	1.560745	1.468945	587.473147	4.410836	-10.313689	0.187722	17.017599	7.052201	0.000000	
607	3.03000	1.649841	1.652256	587.024838	4.411081	-10.340514	0.173647	17.070530	7.045743	0.000000	
608	3.03500	1.652807	1.491649	588.009894	4.411151	-10.341075	0.187540	17.041961	7.044426	0.000000	
609	3.04000	1.605591	1.423861	587.115619	4.419639	-10.276915	0.178399	16.962524	7.074787	0.000000	
610	3.04500	1.604800	1.446926	586.937061	4.374270	-10.313648	0.187603	17.030454	6.998173	0.000000	
611	3.05000	1.628346	1.514906	587.025484	4.465168	-10.285723	0.187507	16.978644	7.147263	0.000000	
612	3.05500	1.560189	1.355316	587.026640	4.410477	-10.313604	0.196944	17.030764	7.064992	0.000000	
613	3.06000	1.537454	1.491638	587.026016	4.428805	-10.313652	0.210733	17.032419	7.086902	0.000000	
614	3.06500	1.627947	1.423954	586.847780	4.410384	-10.267876	0.192119	16.953532	7.062402	0.000000	
615	3.07000	1.537844	1.446039	587.115266	4.455982	-10.286059	0.196945	16.982740	7.135177	0.000000	
616	3.07500	1.491269	1.423477	586.578807	4.446639	-10.286064	0.206234	17.001862	7.127644	0.000000	
617	3.08000	1.559741	1.332408	586.580483	4.391861	-10.259185	0.219879	16.951304	7.040468	0.000000	
618	3.08500	1.560329	1.400452	586.937913	4.392033	-10.231935	0.210652	16.894251	7.031604	0.000000	
619	3.09000	1.538327	1.354494	586.937617	4.455488	-10.213382	0.215309	16.864154	7.142862	0.000000	
620	3.09500	1.470192	1.331382	587.027484	4.419012	-10.168225	0.210850	16.789239	7.081157	0.000000	
621	3.10000	1.630526	1.285862	587.117383	4.482502	-10.158631	0.224283	16.759302	7.191269	0.000000	
622	3.10500	1.402488	1.330934	587.116249	4.464513	-10.186300	0.215625	16.822050	7.157562	0.000000	
623	3.11000	1.515919	1.308561	586.848814	4.455313	-10.213622	0.238361	16.868712	7.146840	0.000000	
624	3.11500	1.471162	1.285414	587.116710	4.482587	-10.186170	0.224678	16.817121	7.191453	0.000000	
625	3.12000	1.516260	1.194799	586.938288	4.473333	-10.185997	0.215407	16.818985	7.184177	0.000000	
626	3.12500	1.402509	1.262501	586.848446	4.482339	-10.149763	0.224810	16.767662	7.196046	0.000000	
627	3.13000	1.539547	1.285389	587.028079	4.473309	-10.149839	0.238277	16.753159	7.176788	0.000000	
628	3.13500	1.379287	1.262781	586.758423	4.491495	-10.167752	0.211083	16.802548	7.212790	0.000000	
629	3.14000	1.493738	1.399266	586.936975	4.537086	-10.149282	0.224545	16.758011	7.278833	0.000000	
630	3.14500	1.471550	1.262373	586.937626	4.545924	-10.140207	0.229245	16.744047	7.303242	0.000000	
631	3.15000	1.402580	1.398889	586.758074	4.536976	-10.149490	0.238543	16.769840	7.280998	0.000000	
632	3.15500	1.493752	1.399335	586.846904	4.582612	-10.194479	0.229174	16.837665	7.357577	0.000000	
633	3.16000	1.494124	1.353618	586.847095	4.600627	-10.167056	0.229172	16.790905	7.391399	0.000000	
634	3.16500	1.471234	1.444652	586.935934	4.600721	-10.130580	0.215375	16.727715	7.384162	0.000000	
635	3.17000	1.471930	1.512584	587.114192	4.646356	-10.157783	0.229166	16.768793	7.454895	0.000000	
636	3.17500	1.357595	1.489676	587.024984	4.591762	-10.149146	0.224834	16.764509	7.364647	0.000000	
637	3.18000	1.403302	1.489721	586.935319	4.637142	-10.148775	0.229322	16.763379	7.443141	0.000000	
638	3.18500	1.403645	1.466667	587.115251	4.582412	-10.067278	0.224679	16.619277	7.349108	0.000000	
639	3.19000	1.357888	1.512293	587.114199	4.609838	-10.085213	0.210991	16.652982	7.392716	0.000000	
640	3.19500	1.381189	1.489360	587.203660	4.637077	-10.085077	0.215548	16.648556	7.439491	0.000000	
641	3.20000	1.379790	1.467247	586.756675	4.600616	-10.103294	0.210955	16.692709	7.384802	0.000000	
642	3.20500	1.358039	1.466651	586.935345	4.646061	-10.103234	0.224807	16.688882	7.459913	0.000000	
643	3.21000	1.379725	1.444345	586.398969	4.645747	-10.075677	0.224722	16.656064	7.468054	0.000000	
644	3.21500	1.355954	1.490392	586.219356	4.636784	-10.093705	0.206376	16.693680	7.452009	0.000000	
645	3.22000	1.401638	1.604096	586.398489	4.609600	-10.048443	0.210792	16.608135	7.395485	0.000000	
646	3.22500	1.333756	1.558290	586.487460	4.636893	-10.066548	0.206392	16.641066	7.443979	0.000000	
647	3.23000	1.379346	1.558570	586.755840	4.609838	-10.084835	0.192518	16.661305	7.394283	0.000000	
648	3.23500	1.357332	1.580799	587.024545	4.591809	-10.112646	0.215576	16.702362	7.358505	0.000000	
649	3.24000	1.381765	1.420730	587.383573	4.600567	-10.049053	0.220151	16.581955	7.379635	0.000000	
650	3.24500	1.493922	1.513120	587.114425	4.591774	-10.103187	0.196893	16.674292	7.361889	0.000000	
651	3.25000	1.426807	1.466852	587.472296	4.600830	-10.076078	0.197066	16.622311	7.375765	0.000000	
652	3.25500	1.358091	1.398495	587.204330	4.582533	-10.112742	0.211060	16.697227	7.352805	0.000000	
653	3.26000	1.404382	1.398316	587.472702	4.600771	-10.103560	0.210958	16.670611	7.380341	0.000000	
654	3.26500	1.382154	1.420697	587.651623	4.600839	-10.103765	0.220202	16.667269	7.376572	0.000000	
655	3.27000	1.427501	1.466477	587.561627	4.637231	-10.103358	0.215478	16.666100	7.436567	0.000000	
656	3.27500	1.382036	1.352641	587.472141	4.655303	-10.130520	0.211051	16.718045	7.476292	0.000000	
657	3.28000	1.425584	1.558589	587.023434	4.664608	-10.129953	0.187860	16.727211	7.484050	0.000000	
658	3.28500	1.472912	1.512175	587.382141	4.691805	-10.130234	0.224561	16.713976	7.528736	0.000000	
659	3.29000	1.401637	1.558843	586.487363	4.628087	-10.157556	0.210896	16.791598	7.428929	0.000000	
660	3.29500	1.380043	1.512727	586.845375	4.637276	-10.185122	0.224793	16.829542	7.442990	0.000000	
661	3.30000	1.402346	1.626717	586.755547	4.637310	-10.148599	0.220066	16.768413	7.436447	0.000000	
662	3.30500	1.401844	1.490415	586.398353	4.636965	-10.139306	0.215504	16.763077	7.449934	0.000000	
663	3.31000	1.400771	1.559207	586.219233	4.600721	-10.148484	0.206281	16.784060	7.385782	0.000000	
664	3.31500	1.491755	1.559716	586.398070	4.591878	-10.193886	0.196914	16.850009	7.368306	0.000000	
665	3.32000	1.468494	1.491238	585.683200	4.627581	-10.129917	0.219905	16.763474	7.443386	0.000000	
666	3.32500	1.537950	1.513795	586.399150	4.591576	-10.139413	0.215173	16.753921	7.370919	0.000000	
667	3.33000	1.537045	1.491558	586.040906	4.609790	-10.202840	0.215216	16.872718	7.408245	0.000000	
668	3.33500	1.491083	1.468747	585.772807	4.600500	-10.184708	0.219904	16.852833	7.397502	0.000000	
669	3.34000	1.469472	1.468121	586.220288	4.591544	-10.185088	0.229169	16.841766	7.376350	0.000000	
670	3.34500	1.422605	1.491327	585.772804	4.573204	-10.157650	0.215438	16.811332	7.349357	0.000000	
671	3.35000	1.536671	1.491447	585.863253	4.545996	-10.185244	0.238178	16.847957	7.301718	0.000000	
672	3.35500	1.400159	1.491055	585.952147	4.537057	-10.221950	0.238528	16.917328	7.285328	0.000000	
673	3.36000	1.491475	1.354842	586.042263	4.536890	-10.203463	0.219973	16.876861	7.293195	0.000000	
674	3.36500	1.489921	1.400938	585.416066	4.527633	-10.203311	0.224527	16.895223	7.282404	0.000000	
675	3.37000	1.469340	1.309066	586.310619	4.536918	-10.194413	0.210855	16.855020	7.292877	0.000000	
676	3.37500	1.606003	1.263926	586.311472	4.527884	-10.249065	0.228980	16.938852	7.280547	0.000000	
677	3.38000	1.537876	1.195461	586.580339	4.464253	-10.222228	0.210769	16.889800	7.173252	0.000000	
678	3.38500	1.537297	1.263878	586.311759	4.473270	-10.203900	0.215315	16.866514	7.187397	0.000000	
679	3.39000	1.470157	1.263192	586.758705	4.482558	-10.222374	0.220103	16.889415	7.197527	0.000000	
680	3.39500	1.402334	1.171843	586.937723	4.473430	-10.222521	0.211113	16.889020	7.185918	0.000000	
681	3.40000	1.493833	1.171910	587.206757	4.446213	-10.204484	0.210896	16.844114	7.136109	0.000000	
682	3.40500	1.630403	1.058778	587.207117	4.464351	-10.231312	0.196852	16.880457	7.174724	0.000000	
683	3.41000	1.517080	1.171784	587.475371	4.428183	-10.222934	0.215463	16.866033	7.102001	0.000000	
684	3.41500	1.563859	1.034819	587.744563	4.446130	-10.186458	0.215395	16.792854	7.138474	0.000000	
685	3.42000	1.540782	1.034824	587.655416	4.418784	-10.168443	0.215431	16.766388	7.093075	0.000000	
686	3.42500	1.494802	1.126002	587.654516	4.419094	-10.223108	0.215541	16.862576	7.087387	0.000000	
687	3.43000	1.563484	1.012305	587.565379	4.464321	-10.222659	0.215425	16.859745	7.173255	0.000000	
688	3.43500	1.518389	1.012158	587.743272	4.509870	-10.222296	0.197153	16.856973	7.248485	0.000000	
689	3.44000	1.495821	1.170842	587.743849	4.473542	-10.195709	0.238492	16.813261	7.175833	0.000000	
690	3.44500	1.426692	1.148401	587.385104	4.509809	-10.204320	0.220268	16.843177	7.243710	0.000000	
691	3.45000	1.564431	1.262305	588.010256	4.564790	-10.212951	0.206143	16.830087	7.321360	0.000000	
692	3.45500	1.564221	1.307874	588.010268	4.546702	-10.222222	0.210728	16.845869	7.287488	0.000000	
693	3.46000	1.540835	1.307956	587.562908	4.573694	-10.194630	0.215341	16.813661	7.339241	0.000000	
694	3.46500	1.495677	1.330456	587.741359	4.582934	-10.212910	0.215459	16.842611	7.351090	0.000000	
695	3.47000	1.631981	1.422076	587.741073	4.601302	-10.230775	0.215116	16.863709	7.376088	0.000000	
696	3.47500	1.540414	1.399271	587.562066	4.583046	-10.230916	0.210735	16.875471	7.348932	0.000000	
697	3.48000	1.539649	1.399760	587.203298	4.637533	-10.248446	0.196945	16.915951	7.446396	0.000000	
698	3.48500	1.561886	1.468093	587.025100	4.592026	-10.230641	0.215230	16.889366	7.366572	0.000000	
699	3.49000	1.652852	1.559744	587.202601	4.646843	-10.229861	0.182810	16.876586	7.451327	0.000000	
700	3.49500	1.561487	1.514189	587.112854	4.637920	-10.321122	0.192299	17.040916	7.440436	0.000000	
701	3.50000	1.652231	1.719130	587.023365	4.637856	-10.220888	0.196522	16.866627	7.427505	0.000000	
702	3.50500	1.538565	1.650520	587.023033	4.646868	-10.220903	0.187623	16.874433	7.447550	0.000000	
703	3.51000	1.538835	1.604841	587.023400	4.646887	-10.266598	0.206062	16.952245	7.450701	0.000000	
704	3.51500	1.538399	1.764401	587.111824	4.647215	-10.275632	0.196814	16.965044	7.439177	0.000000	
705	3.52000	1.561144	1.650685	587.023241	4.628727	-10.230094	0.187576	16.888540	7.416634	0.000000	
706	3.52500	1.606432	1.673524	586.755137	4.646776	-10.229980	0.205837	16.893163	7.449384	0.000000	
707	3.53000	1.650481	1.719888	586.217914	4.664839	-10.220317	0.191894	16.889540	7.484175	0.000000	
708	3.53500	1.468794	1.719209	586.395932	4.674014	-10.220506	0.183135	16.897039	7.497488	0.000000	
709	3.54000	1.514651	1.650841	586.307080	4.691964	-10.202175	0.192233	16.865260	7.533973	0.000000	
710	3.54500	1.468473	1.764738	586.306787	4.646735	-10.211652	0.192299	16.884594	7.449038	0.000000	
711	3.55000	1.423028	1.673562	586.217491	4.655594	-10.184227	0.183226	16.843560	7.471582	0.000000	
712	3.55500	1.515065	1.741758	586.843709	4.637722	-10.166178	0.173801	16.788074	7.428111	0.000000	
713	3.56000	1.469494	1.582574	586.843870	4.628635	-10.229918	0.164826	16.899801	7.423510	0.000000	
714	3.56500	1.470015	1.764056	586.843384	4.674007	-10.147892	0.183080	16.760005	7.488421	0.000000	
715	3.57000	1.424392	1.718422	586.933555	4.610418	-10.166685	0.187817	16.792503	7.381995	0.000000	
716	3.57500	1.378930	1.741301	587.111123	4.647048	-10.202736	0.164966	16.851805	7.440481	0.000000	
717	3.58000	1.379376	1.741025	587.380148	4.601601	-10.166761	0.164948	16.782611	7.359557	0.000000	
718	3.58500	1.378289	1.786726	586.754368	4.601223	-10.112043	0.178655	16.707791	7.364016	0.000000	
719	3.59000	1.470691	1.627378	587.381332	4.583306	-10.194197	0.178591	16.823048	7.336160	0.000000	
720	3.59500	1.492000	1.741995	587.112226	4.565298	-10.203080	0.160100	16.844629	7.301179	0.000000	
721	3.60000	1.424283	1.673097	587.023066	4.592199	-10.139308	0.164835	16.743247	7.352877	0.000000	
722	3.60500	1.401236	1.673075	586.844240	4.592046	-10.111968	0.164861	16.703469	7.354968	0.000000	
723	3.61000	1.514601	1.628280	586.844700	4.564960	-10.184786	0.164665	16.819786	7.311869	0.000000	
724	3.61500	1.491832	1.559938	586.845238	4.537559	-10.166763	0.160136	16.790616	7.269845	0.000000	
725	3.62000	1.493124	1.627663	587.381394	4.565079	-10.157696	0.160123	16.759371	7.305108	0.000000	
726	3.62500	1.401369	1.604794	586.934196	4.564867	-10.166892	0.174125	16.794411	7.312148	0.000000	
727	3.63000	1.469842	1.582031	587.024799	4.519323	-10.139937	0.183150	16.741153	7.234936	0.000000	
728	3.63500	1.537034	1.582743	586.846701	4.446666	-10.167561	0.183001	16.788841	7.113383	0.000000	
729	3.64000	1.537116	1.605491	586.846266	4.473898	-10.139975	0.173779	16.741842	7.158236	0.000000	
730	3.64500	1.469192	1.627852	587.024982	4.464880	-10.131114	0.173930	16.726163	7.139057	0.000000	
731	3.65000	1.514562	1.491645	587.115592	4.401202	-10.149631	0.164700	16.751951	7.038753	0.000000	
732	3.65500	1.355774	1.422706	587.204431	4.428386	-10.140525	0.155905	16.744698	7.088639	0.000000	
733	3.66000	1.560715	1.423352	587.473957	4.374048	-10.168053	0.160051	16.769675	6.992685	0.000000	
734	3.66500	1.466922	1.469625	586.400480	4.337330	-10.149792	0.160190	16.776442	6.940354	0.000000	
735	3.67000	1.491595	1.355063	587.117212	4.310045	-10.113848	0.160182	16.692527	6.892805	0.000000	
736	3.67500	1.466779	1.355962	586.401345	4.291779	-10.159161	0.155644	16.792404	6.870444	0.000000	
737	3.68000	1.512749	1.310353	586.581047	4.264520	-10.168553	0.164763	16.799993	6.824880	0.000000	
738	3.68500	1.354518	1.400217	586.938257	4.273732	-10.141720	0.178884	16.754609	6.830060	0.000000	
739	3.69000	1.398640	1.401336	586.848409	4.228469	-10.159694	0.137415	16.784850	6.753954	0.000000	
740	3.69500	1.490199	1.310222	586.849694	4.219161	-10.150716	0.155618	16.763252	6.744309	0.000000	
741	3.70000	1.490062	1.401306	587.028474	4.183049	-10.160137	0.155594	16.774074	6.674402	0.000000	
742	3.70500	1.399066	1.287189	586.939518	4.164603	-10.133018	0.151233	16.736699	6.651843	0.000000	
743	3.71000	1.512501	1.174075	586.940553	4.119084	-10.142119	0.137227	16.744419	6.582013	0.000000	
744	3.71500	1.399283	1.219002	587.118440	4.155671	-10.187709	0.146711	16.824604	6.639155	0.000000	
745	3.72000	1.421241	1.128473	586.940362	4.100889	-10.142238	0.123668	16.750868	6.554133	0.000000	
746	3.72500	1.534777	1.333752	587.029000	4.119442	-10.160220	0.127932	16.771143	6.570660	0.000000	
747	3.73000	1.603452	1.288327	587.208392	4.110340	-10.151108	0.123194	16.745676	6.556149	0.000000	
748	3.73500	1.535212	1.197023	587.119442	4.092073	-10.187846	0.137204	16.815517	6.532325	0.000000	
749	3.74000	1.512550	1.196925	587.208866	4.082962	-10.160584	0.128047	16.768013	6.515766	0.000000	
