X [s]	1 Gast Med [V]	2 T Ant [V]	3 R Fem [V]	4 B Fem [V]	
21.870000	-9.881937e-07	2.158866e-04	4.674049e-06	-1.174683e-06	
21.871001	-6.601487e-06	2.125270e-04	8.344707e-06	-6.029556e-06	
21.872002	-5.941410e-06	2.021864e-04	8.805347e-06	-3.629270e-06	
21.873003	-1.345213e-06	1.850157e-04	6.159377e-06	2.268342e-06	
21.874003	-1.082364e-06	1.540147e-04	5.911552e-06	6.058347e-06	
21.875004	-1.052373e-06	1.393943e-04	5.777152e-06	2.288236e-06	
21.876005	-1.285118e-06	9.552400e-05	5.878699e-06	-1.420361e-05	
21.877006	1.251235e-06	4.328813e-05	3.714684e-06	-1.265907e-05	
21.878007	7.506918e-06	2.466659e-05	-1.015129e-06	2.637768e-06	
21.879008	4.016773e-06	-1.768720e-05	-1.406340e-06	2.854373e-06	
21.880009	-3.788420e-06	-2.189624e-05	-1.321055e-06	2.497765e-06	
21.881009	-2.642122e-06	4.054064e-05	-3.929931e-06	4.604502e-06	
21.882010	-9.241052e-07	5.579475e-05	-8.504027e-06	1.722143e-06	
21.883011	1.604260e-07	4.505479e-05	-1.087066e-05	8.441828e-07	
21.884012	3.574041e-06	4.165697e-05	-7.488012e-06	1.824730e-06	
21.885013	1.959713e-06	1.437124e-05	-5.630620e-06	-3.588019e-08	
21.886014	7.474860e-07	-2.180581e-05	-4.254947e-06	-2.171345e-06	
21.887015	1.832024e-06	-6.056212e-05	-4.472577e-06	1.561042e-06	
21.888016	-1.880461e-06	-8.556528e-05	-8.525361e-06	2.477578e-06	
21.889016	-2.928726e-07	-8.607182e-05	-6.925883e-06	-7.049473e-07	
21.890017	5.136086e-06	-7.676171e-05	-4.860182e-06	1.353728e-06	
21.891018	-1.200079e-07	-6.372605e-05	-6.938992e-06	3.014149e-06	
21.892019	-6.512257e-06	-5.585118e-05	-5.935369e-06	3.085435e-06	
21.893020	-4.976643e-06	-5.838677e-05	-2.560331e-07	2.955310e-06	
21.894021	-5.263595e-07	-8.062876e-05	6.934773e-06	2.548124e-06	
21.895022	1.199935e-06	-1.058440e-04	8.015397e-06	4.864763e-06	
21.896022	-1.043604e-06	-1.036235e-04	4.697115e-06	4.775274e-06	
21.897023	1.714027e-06	-8.505622e-05	2.794605e-06	3.366750e-06	
21.898024	2.343710e-06	-5.510576e-05	-1.392621e-06	2.330148e-06	
21.899025	-5.408818e-06	-1.394639e-05	-3.816350e-06	-5.063779e-07	
21.900026	-4.313808e-06	2.092535e-05	1.539427e-07	-8.392370e-07	
21.901027	1.862557e-06	4.563833e-05	1.594762e-06	2.182492e-06	
21.902028	2.203805e-06	5.510951e-05	-1.869518e-06	5.355972e-06	
21.903028	2.287992e-06	5.366361e-05	-2.064529e-06	2.022766e-06	
21.904029	2.500214e-06	5.582543e-05	2.181023e-06	-3.092875e-06	
21.905030	9.759095e-07	2.935173e-05	7.763415e-06	-2.486049e-06	
21.906031	-4.891031e-06	-2.312561e-05	1.318395e-05	-6.152165e-06	
21.907032	-9.243129e-06	-3.682252e-05	1.414270e-05	-1.051921e-05	
21.908033	-4.882657e-06	-2.199363e-05	1.504402e-05	-6.387836e-06	
21.909034	-3.058355e-06	-5.623788e-06	2.043757e-05	-3.456307e-06	
21.910035	-4.197562e-06	-2.069892e-05	1.877774e-05	-3.400663e-06	
21.911035	7.566206e-08	-1.155398e-04	9.715910e-06	-6.989091e-07	
21.912036	2.921734e-06	-1.877428e-04	2.558059e-06	-8.175436e-08	
21.913037	3.191816e-06	-1.602988e-04	-1.611234e-06	-2.804768e-06	
21.914038	4.219443e-06	-1.122933e-04	-3.034253e-06	-3.724824e-06	
21.915039	1.661859e-06	-7.362701e-05	-4.948959e-06	-7.992132e-07	
21.916040	-3.510139e-06	-3.640956e-05	-8.169884e-06	1.343775e-06	
21.917041	-7.434094e-06	-7.486714e-06	-9.193771e-06	9.909365e-07	
21.918041	-6.570904e-06	1.464553e-05	-8.842118e-06	1.447067e-06	
21.919042	-1.212490e-07	2.203220e-05	-1.246033e-05	-1.356102e-07	
21.920043	3.582886e-06	2.683649e-05	-1.614784e-05	-6.790708e-07	
21.921044	5.396013e-06	4.584928e-05	-1.412022e-05	5.520718e-07	
21.922045	9.101657e-06	7.617342e-05	-1.405147e-05	-1.062808e-07	
21.923046	8.420060e-06	1.070525e-04	-1.419831e-05	3.957476e-07	
21.924047	5.853434e-06	1.329692e-04	-9.578305e-06	-2.291192e-06	
21.925047	4.581476e-06	1.505135e-04	-8.393727e-06	-2.659828e-06	
21.926048	2.039630e-06	1.480560e-04	-7.488625e-06	1.364517e-06	
21.927049	-5.445742e-07	1.374461e-04	-3.131543e-06	-8.383403e-07	
21.928050	-2.948959e-07	1.296678e-04	-2.695363e-06	-2.099482e-06	
21.929051	2.296579e-06	1.147708e-04	-2.053432e-06	-2.094359e-06	
21.930052	1.587785e-06	9.861401e-05	2.226591e-06	-4.222244e-06	
21.931053	-8.260816e-07	8.384156e-05	7.160621e-06	-3.780921e-06	
21.932053	-3.948724e-06	7.282544e-05	1.047208e-05	-3.118597e-06	
21.933054	-1.102332e-05	6.788235e-05	1.232737e-05	-8.799236e-07	
21.934055	-1.343401e-05	5.302410e-05	1.729038e-05	1.548628e-06	
21.935056	-8.168597e-06	2.728162e-05	1.754458e-05	3.300244e-06	
21.936057	-2.997109e-06	-1.430471e-05	1.403519e-05	6.891742e-06	
21.937058	3.361573e-06	-6.232267e-05	1.213402e-05	9.956459e-06	
21.938059	7.408492e-06	-6.215946e-05	4.887828e-06	1.091102e-05	
21.939060	3.561607e-06	-5.165063e-05	9.940728e-07	1.242339e-05	
21.940060	2.595401e-06	-1.008825e-04	-7.917284e-07	1.567295e-05	
21.941061	2.762000e-06	-1.240338e-04	-6.378695e-06	1.138308e-05	
21.942062	1.878077e-06	-8.752682e-05	-3.988153e-06	5.768482e-06	
21.943063	7.160599e-06	-8.485409e-05	2.385837e-06	8.424781e-06	
21.944064	3.848635e-06	-9.630365e-05	1.525617e-06	6.908417e-06	
21.945065	-8.257748e-06	-8.167585e-05	-3.548312e-06	1.557471e-06	
21.946066	-1.814557e-05	-5.000813e-05	-9.723685e-07	-2.038837e-06	
21.947066	-2.617354e-05	2.381596e-05	4.409168e-06	-5.222124e-06	
21.948067	-2.000326e-05	6.252843e-05	-2.853768e-06	-5.399164e-06	
21.949068	-1.973606e-06	5.583701e-06	-1.083146e-05	-5.919572e-06	
21.950069	1.183689e-05	-2.460285e-05	-1.325210e-05	-8.537669e-06	
21.951070	1.586831e-05	8.173001e-06	-1.849710e-05	-9.547270e-06	
21.952071	1.465899e-05	7.322411e-06	-1.677367e-05	-9.977241e-06	
21.953072	1.757858e-05	-2.402406e-05	-9.196675e-06	-1.118765e-05	
21.954072	1.802351e-05	-3.939963e-05	-2.219826e-06	-8.180509e-06	
21.955073	1.427750e-05	-3.795316e-05	8.700810e-06	-5.590596e-06	
21.956074	9.078297e-06	-1.212875e-05	1.413768e-05	-8.044382e-06	
21.957075	-2.789401e-06	2.628960e-05	1.134781e-05	-5.453717e-06	
21.958076	-1.235777e-05	6.062162e-05	1.197664e-05	-4.160753e-06	
21.959077	-1.535338e-05	5.737499e-05	1.462294e-05	-7.082429e-06	
21.960078	-1.389804e-05	-1.470586e-05	1.072555e-05	-2.244198e-06	
21.961079	-8.643051e-06	-7.645658e-05	5.212789e-06	1.288231e-06	
21.962079	-4.207066e-06	-1.045837e-04	4.035773e-06	1.163758e-06	
21.963080	-2.507094e-08	-1.173292e-04	5.666224e-08	1.987844e-06	
21.964081	-7.556166e-07	-6.088032e-05	-2.942475e-06	-5.287983e-07	
21.965082	-7.124323e-06	-1.837120e-05	-1.390913e-06	1.985613e-07	
21.966083	-6.705139e-06	-6.667221e-06	-2.045300e-06	9.188423e-07	
21.967084	5.414717e-07	4.262017e-05	-1.832921e-07	-2.468570e-07	
21.968085	3.540356e-06	3.617463e-05	1.399399e-06	3.683318e-06	
21.969085	3.463115e-06	9.050924e-06	-1.447081e-06	6.228398e-06	
21.970086	3.211500e-06	9.727221e-06	-1.804473e-06	4.495960e-06	
21.971087	-1.563938e-06	1.405951e-06	-1.522042e-06	-1.858554e-07	
21.972088	-6.195245e-06	5.162285e-05	-1.983454e-06	-7.097353e-07	
21.973089	-4.659117e-06	9.009165e-05	-3.007617e-06	4.151742e-06	
21.974090	1.179906e-06	6.991918e-05	-6.815874e-06	3.609577e-06	
21.975091	8.358094e-06	7.719149e-05	-1.406451e-05	3.756366e-06	
21.976091	1.236659e-05	6.611871e-05	-2.529309e-05	6.664927e-06	
21.977092	1.031076e-05	2.844788e-05	-3.157943e-05	6.271354e-06	
21.978093	7.351748e-06	2.742599e-05	-2.495554e-05	4.307374e-06	
21.979094	5.334029e-06	4.251755e-05	-1.389166e-05	2.301767e-06	
21.980095	-4.039232e-07	3.643186e-05	-5.410003e-06	3.138053e-06	
21.981096	-3.231475e-06	1.053132e-05	6.079219e-06	2.014991e-06	
21.982097	-4.160495e-07	-3.284178e-06	1.707014e-05	1.358985e-07	
21.983097	-3.374122e-07	1.176797e-06	2.095835e-05	1.260669e-06	
21.984098	-2.766064e-06	2.426585e-06	2.107078e-05	-1.142251e-06	
21.985099	-6.320055e-06	1.195035e-05	1.756292e-05	-1.432921e-06	
21.986100	-1.020838e-05	3.455724e-05	1.624501e-05	1.103479e-06	
21.987101	-8.688831e-06	3.476772e-05	1.397484e-05	1.288888e-06	
21.988102	-2.998696e-06	1.004429e-05	3.590023e-06	1.473846e-06	
21.989103	-2.348268e-06	4.836805e-06	-1.754874e-06	-1.700165e-06	
21.990104	-3.578481e-06	1.652662e-05	-2.239670e-06	-3.226550e-06	
21.991104	-7.751545e-07	1.412337e-05	1.552515e-06	-2.519014e-07	
21.992105	1.465225e-06	3.571723e-06	1.204439e-05	-1.138002e-06	
21.993106	4.361959e-06	-5.388067e-05	1.302362e-05	-1.862905e-06	
21.994107	2.016990e-06	-1.473533e-04	9.392366e-06	-5.547276e-07	
21.995108	-5.073713e-06	-1.595221e-04	8.922027e-06	-1.766745e-06	
21.996109	-4.880271e-06	-1.180119e-04	4.627212e-06	-3.329271e-06	
21.997110	-6.949623e-06	-1.081137e-04	4.148221e-06	-4.412136e-06	
21.998110	-1.020714e-05	-9.315716e-05	6.341642e-06	-3.875322e-06	
21.999111	-5.588760e-06	-5.486967e-05	2.125994e-07	-3.134406e-06	
22.000112	1.803677e-07	-3.366530e-05	-8.523923e-06	-1.303152e-06	
22.001113	7.946406e-06	-4.814962e-05	-9.902555e-06	1.583107e-06	
22.002114	1.077831e-05	-5.352666e-05	-6.726522e-06	2.667399e-07	
22.003115	6.424051e-06	-3.090221e-05	-6.864648e-06	4.166553e-06	
22.004116	6.205940e-06	1.639854e-05	-1.070592e-05	3.354246e-06	
22.005116	5.297897e-06	9.891937e-05	-1.561719e-05	-8.547661e-06	
22.006117	5.332833e-06	1.275085e-04	-1.650121e-05	-2.544077e-06	
22.007118	6.777278e-06	1.057563e-04	-9.672646e-06	7.591608e-07	
22.008119	-3.299165e-07	1.053086e-04	-6.170021e-06	-1.290389e-05	
22.009120	-4.902736e-06	5.572695e-05	-1.013007e-05	-1.140422e-05	
22.010121	-2.466134e-06	5.360837e-06	-7.563025e-06	-1.022601e-05	
22.011122	-4.049880e-06	4.517993e-05	-3.620280e-06	-9.764577e-06	
22.012123	-4.194362e-06	4.436259e-05	-6.948553e-06	-2.689670e-06	
22.013123	3.132092e-06	-5.501504e-05	-1.682309e-06	-1.735325e-06	
22.014124	6.702044e-06	-6.525901e-05	7.710241e-06	1.849442e-05	
22.015125	1.261635e-06	1.865819e-05	5.721219e-06	1.551674e-05	
22.016126	-3.367523e-06	2.998562e-05	3.408070e-06	-1.334221e-05	
22.017127	-1.314196e-06	5.249780e-06	6.312310e-06	1.394143e-05	
22.018128	5.327929e-06	-4.800380e-06	7.966590e-06	3.201983e-05	
22.019129	7.468478e-06	1.239202e-05	8.387676e-06	4.427680e-06	
22.020129	1.360255e-06	6.988847e-05	7.818695e-06	4.677611e-07	
22.021130	-1.902538e-06	1.296051e-04	6.749955e-06	3.122667e-06	
22.022131	9.653398e-07	1.375072e-04	4.894857e-06	-6.180917e-06	
22.023132	2.839279e-06	6.109360e-05	1.451751e-07	-1.292460e-05	
22.024133	1.113846e-06	1.608443e-05	-3.290516e-06	-9.359127e-06	
22.025134	1.356725e-06	1.289708e-05	-1.877173e-06	6.493161e-06	
22.026135	4.887030e-06	-5.078794e-05	6.307786e-07	1.129602e-05	
22.027135	6.685879e-07	-1.158277e-04	1.577969e-06	6.909971e-06	
22.028136	-6.967695e-06	-1.062353e-04	1.241018e-06	8.670716e-06	
22.029137	-7.909562e-06	-5.054938e-05	1.828918e-06	5.923950e-06	
22.030138	-1.195368e-05	-1.161261e-05	4.100676e-06	-1.000453e-07	
22.031139	-1.523625e-05	4.312821e-06	3.369536e-06	-8.143368e-07	
22.032140	-8.220337e-06	-2.732762e-05	-2.607640e-07	-1.291177e-06	
22.033141	-3.114040e-06	-4.702272e-05	-2.670586e-06	-3.434293e-06	
22.034142	-6.934687e-07	-1.762450e-05	-6.395360e-06	-3.865584e-06	
22.035142	3.225409e-06	-5.193807e-05	-7.685994e-06	-1.846425e-06	
22.036143	1.552796e-06	-4.249122e-05	-2.350979e-06	-9.065237e-07	
22.037144	1.556755e-06	2.136240e-05	-3.751378e-07	-2.179064e-06	
22.038145	4.435668e-06	1.655977e-05	2.921556e-07	-2.976891e-06	
22.039146	-2.387511e-06	2.481958e-05	5.566056e-06	-1.754446e-06	
22.040147	-1.109613e-05	4.985483e-05	4.480607e-06	-1.135450e-06	
22.041148	-8.202554e-06	5.838950e-05	-2.281791e-07	-3.718256e-06	
22.042148	1.546367e-06	-2.420295e-05	-5.607603e-07	-3.859223e-06	
22.043149	8.651184e-06	-1.575854e-04	-4.823632e-07	-1.834356e-06	
22.044150	1.242845e-05	-1.616817e-04	2.677888e-06	-2.669466e-06	
22.045151	9.826638e-06	-1.156694e-04	5.646431e-06	-2.264321e-06	
22.046152	-8.108548e-06	-5.267448e-05	3.619828e-06	4.369531e-07	
22.047153	-2.987667e-05	8.913713e-05	1.828487e-06	-5.281291e-07	
22.048154	-2.896673e-05	1.827038e-04	-4.785334e-07	-3.005626e-06	
22.049154	-8.319809e-06	9.133808e-05	-2.451337e-06	-2.835692e-06	
22.050155	6.134786e-06	-5.881723e-05	-3.592616e-06	-3.229189e-06	
22.051156	1.445601e-05	-5.887253e-05	-8.827744e-06	-1.124647e-06	
22.052157	2.482398e-05	8.792278e-06	-1.307717e-05	1.739362e-06	
22.053158	2.322659e-05	6.166057e-05	-7.866181e-06	5.621874e-07	
22.054159	6.172051e-06	1.363099e-04	-2.317694e-08	-3.318405e-07	
22.055160	-8.733201e-06	1.555699e-04	1.102072e-07	-1.901804e-07	
22.056160	-6.024284e-06	6.215197e-05	2.871190e-06	4.922718e-07	
22.057161	7.200485e-06	-3.757626e-05	9.758606e-06	-3.682504e-07	
22.058162	1.435574e-05	-4.193231e-05	7.701317e-06	-2.906924e-07	
22.059163	1.479890e-05	-3.620635e-05	5.381987e-06	3.824922e-07	
22.060164	7.167128e-06	-6.376049e-05	-8.229472e-07	-9.484514e-07	
22.061165	-6.956906e-06	-5.712746e-05	-2.020315e-05	1.837919e-06	
22.062166	-1.135899e-05	-1.998909e-05	-3.128758e-05	2.087613e-06	
22.063167	-7.530065e-06	1.199232e-05	-2.264129e-05	2.624726e-07	
22.064167	-7.130873e-06	3.952584e-05	-5.868415e-06	6.166803e-07	
22.065168	-1.613500e-06	4.186845e-05	5.159911e-06	-1.626463e-06	
22.066169	5.425584e-06	-7.232337e-06	1.215536e-05	-3.698657e-09	
22.067170	4.351179e-06	-1.661371e-05	1.849869e-05	1.430669e-06	
22.068171	5.528090e-06	2.898824e-05	1.486225e-05	1.516364e-06	
22.069172	6.262435e-06	2.721426e-05	1.041848e-05	3.646315e-06	
22.070173	2.254568e-06	-2.141724e-06	1.502397e-05	9.293593e-07	
22.071173	-2.392051e-06	-2.770075e-05	1.866740e-05	1.452024e-07	
22.072174	-1.011100e-05	-4.376323e-05	1.592124e-05	2.861734e-06	
22.073175	-1.436608e-05	-2.503432e-05	9.452828e-06	2.440405e-06	
22.074176	-9.950168e-06	-1.562488e-05	3.275505e-06	9.976354e-07	
22.075177	-2.196520e-06	-2.242666e-05	1.932100e-06	1.564766e-06	
22.076178	6.339346e-06	-5.575111e-06	3.946672e-06	2.380222e-06	
22.077179	1.085432e-05	5.139397e-06	1.381366e-06	-1.701624e-07	
22.078179	5.704112e-06	-1.418964e-05	-6.773359e-06	-3.820806e-07	
22.079180	-1.313356e-06	-4.415432e-05	-1.264133e-05	1.071885e-06	
22.080181	-1.406450e-06	-4.808844e-05	-7.844371e-06	-4.007680e-06	
22.081182	-4.817995e-06	-1.242344e-05	-3.481922e-06	-4.856839e-06	
22.082183	-1.383039e-05	2.734029e-05	-1.135913e-05	2.179343e-06	
22.083184	-8.747161e-06	4.773344e-05	-1.437305e-05	-1.145176e-06	
22.084185	-1.089306e-05	-1.031325e-05	-1.212076e-05	4.596626e-07	
22.085186	-2.668428e-05	-1.016003e-04	-1.088178e-05	1.378784e-05	
22.086186	-8.222230e-07	-4.278234e-05	1.605548e-06	1.063063e-06	
22.087187	2.652439e-05	9.088463e-05	1.076707e-05	-1.260482e-05	
22.088188	6.416308e-06	1.183732e-04	4.899066e-06	3.145476e-06	
22.089189	1.361182e-06	7.756086e-05	4.732140e-06	7.062496e-06	
22.090190	1.614672e-05	3.495492e-05	1.190558e-05	-4.839214e-06	
22.091191	1.613681e-05	3.071871e-06	8.898189e-06	-6.685603e-06	
22.092192	7.256373e-06	1.282502e-07	-2.866839e-07	-2.589113e-06	
22.093192	-5.416953e-06	2.744981e-05	-7.000642e-06	2.989052e-08	
22.094193	-7.393434e-06	8.124213e-06	-1.366311e-05	1.216672e-07	
22.095194	1.197624e-06	-9.539015e-05	-1.385697e-05	-1.059889e-06	
22.096195	1.853564e-06	-1.098060e-04	-9.096672e-06	5.496130e-07	
22.097196	-4.886925e-06	4.050025e-06	-8.253413e-06	1.299524e-06	
22.098197	-1.190798e-05	1.081289e-05	-2.427275e-06	-2.742802e-06	
22.099198	-1.937806e-05	-3.459311e-05	6.181575e-06	-1.775714e-06	
22.100198	-1.836563e-05	4.743230e-05	7.481554e-06	3.931390e-07	
22.101199	-3.684899e-06	8.742560e-05	7.562580e-06	-8.803854e-07	
22.102200	6.324772e-06	2.225763e-05	4.212391e-06	2.660823e-06	
22.103201	9.768898e-06	-1.280401e-05	-1.235625e-06	2.401371e-07	
22.104202	1.817197e-05	-8.033237e-06	-6.165711e-07	-2.121785e-06	
22.105203	2.000307e-05	1.198593e-05	-5.941773e-07	3.262395e-06	
22.106204	1.155518e-05	2.702504e-05	-1.109275e-06	-2.655408e-07	
22.107204	3.125957e-06	2.262518e-05	-3.492573e-06	-6.226165e-07	
22.108205	-3.218944e-06	2.521634e-05	-8.974459e-06	4.012915e-06	
22.109206	-7.543710e-06	2.982693e-05	-4.889127e-06	1.337943e-07	
22.110207	-7.601234e-06	-1.766867e-05	7.412288e-07	-1.382495e-06	
22.111208	-2.055537e-07	-9.946877e-05	3.900332e-06	-2.159919e-06	
22.112209	3.695554e-06	-1.248550e-04	1.417558e-05	-4.011694e-06	
22.113210	-1.718164e-06	-7.058255e-05	1.514547e-05	-2.381482e-06	
22.114211	-3.509533e-06	-2.862316e-05	5.538543e-06	-3.853510e-07	
22.115211	-3.617830e-06	-1.776584e-05	3.149230e-06	3.374665e-06	
22.116212	-8.222222e-07	6.560123e-05	4.309236e-06	2.736625e-06	
22.117213	4.586624e-06	9.625269e-05	3.612447e-06	-1.620280e-06	
22.118214	-2.037494e-06	1.532480e-05	-1.306555e-07	4.468476e-08	
22.119215	-1.170397e-05	2.044132e-05	-3.799045e-06	2.727798e-06	
22.120216	-1.509339e-05	2.252239e-05	-3.684286e-06	1.005027e-06	
22.121217	-1.282248e-05	-5.118104e-05	-5.762678e-06	1.962238e-07	
22.122217	-2.927448e-06	-7.351864e-05	-4.172843e-06	3.024984e-06	
22.123218	6.734927e-06	-5.370617e-05	2.311184e-06	2.326909e-06	
22.124219	1.080715e-05	4.906765e-06	2.263059e-06	-6.602107e-07	
22.125220	9.111177e-06	6.181024e-05	1.991727e-07	4.583972e-07	
22.126221	6.312275e-06	5.698282e-05	5.052103e-07	-8.018522e-07	
22.127222	2.993948e-06	3.175260e-05	5.378199e-07	-2.758430e-06	
22.128223	-1.720818e-06	1.041048e-05	-3.935337e-07	2.183707e-07	
22.129223	-1.847251e-06	6.792783e-06	-2.655378e-06	2.636631e-07	
22.130224	-1.836880e-06	1.654517e-05	-1.904050e-06	-3.008739e-06	
22.131225	-4.303773e-06	3.311223e-05	1.702940e-06	-2.754520e-06	
22.132226	-3.075079e-06	4.939704e-05	1.799843e-06	-2.138790e-06	
22.133227	2.235979e-06	2.280929e-05	-1.179945e-06	-1.549717e-06	
22.134228	9.623854e-07	-1.296039e-05	-1.707355e-06	2.472596e-06	
22.135229	-4.130556e-06	-9.212821e-06	-3.372189e-06	2.098574e-06	
22.136230	1.299669e-06	5.089511e-07	-6.619113e-06	-5.115964e-07	
22.137230	5.377665e-06	-3.392697e-06	-4.912614e-06	3.751311e-06	
22.138231	4.647164e-06	-2.384046e-05	-5.445106e-06	8.698261e-06	
22.139232	3.948511e-06	-3.616107e-05	-6.110978e-06	6.649079e-06	
22.140233	-4.245367e-06	5.921981e-06	-6.499973e-08	-5.730107e-06	
22.141234	-7.962060e-06	4.165969e-05	1.944469e-06	-9.745980e-06	
22.142235	-4.284353e-06	-1.366253e-05	-5.366534e-07	2.505807e-06	
22.143236	-1.060608e-06	-8.425013e-05	-2.562985e-06	-1.440801e-06	
22.144236	3.398007e-06	-7.261867e-05	-4.646181e-07	-1.093003e-05	
22.145237	3.966322e-06	-2.383754e-05	6.071973e-06	1.055780e-06	
22.146238	3.105251e-06	2.027967e-05	4.696557e-06	7.212763e-06	
22.147239	8.255866e-07	3.799551e-05	1.443213e-06	4.150561e-07	
22.148240	-5.218576e-06	1.368438e-05	5.566443e-06	5.595239e-06	
22.149241	-2.023477e-06	-2.984989e-06	8.812546e-06	1.076451e-05	
22.150242	4.202611e-06	1.437592e-06	1.008047e-05	3.564951e-06	
22.151242	2.929498e-06	4.154937e-05	6.862688e-06	-9.553452e-07	
22.152243	5.754899e-06	6.003129e-05	1.466418e-06	-2.105289e-05	
22.153244	9.499996e-06	4.976780e-06	2.603163e-06	-4.635895e-05	
22.154245	5.771226e-06	-1.234137e-05	3.102121e-06	-2.679841e-05	
22.155246	-7.418089e-06	-4.228888e-05	2.058486e-06	-1.486753e-06	
22.156247	-2.499784e-05	-7.149443e-05	1.247124e-06	-7.568577e-06	
22.157248	-2.224395e-05	2.010852e-05	-5.645696e-06	-3.890369e-06	
22.158248	-5.821959e-06	1.111745e-06	-8.248141e-06	3.455499e-06	
22.159249	2.966712e-06	-1.035940e-04	-3.882571e-06	4.506564e-06	
22.160250	1.198211e-05	-4.225297e-05	-6.574470e-06	3.772477e-05	
22.161251	1.358983e-05	-1.407268e-05	-1.106879e-05	6.200203e-05	
22.162252	5.112155e-06	-5.567359e-05	-8.005662e-06	3.048875e-05	
22.163253	2.988480e-06	-4.193008e-06	-3.323297e-06	2.336889e-06	
22.164254	1.031778e-06	3.552654e-05	-1.518102e-06	2.599741e-06	
22.165255	-5.253836e-06	6.680676e-05	-2.310720e-06	8.108808e-06	
22.166255	-4.977308e-06	9.994803e-05	7.071989e-08	2.781669e-05	
22.167256	1.047491e-06	3.435201e-05	6.432951e-06	4.311536e-05	
22.168257	1.625042e-06	-1.903366e-05	4.960909e-06	2.110914e-05	
22.169258	-2.934892e-06	1.982763e-05	-7.361317e-07	-1.074729e-05	
22.170259	-5.965885e-07	3.208376e-05	-1.983834e-06	-1.942852e-05	
22.171260	7.950713e-06	-1.382372e-06	-1.692568e-06	-6.580607e-06	
22.172261	7.044395e-06	-5.516727e-06	-3.273868e-07	1.638415e-05	
22.173261	-2.271655e-06	1.052404e-05	-1.906962e-06	4.888331e-06	
22.174262	-2.807092e-06	1.542271e-05	-2.504924e-06	-4.311297e-05	
22.175263	1.879887e-06	2.155625e-05	1.879590e-06	-7.032573e-05	
22.176264	2.774865e-06	3.295465e-05	2.184785e-06	-8.233989e-05	
22.177265	2.951023e-06	1.311148e-05	1.416094e-06	-7.961837e-05	
22.178266	1.812596e-06	-4.044219e-05	3.299685e-06	-3.934940e-05	
22.179267	-2.521374e-06	-7.195143e-05	3.746062e-06	-1.050021e-05	
22.180267	-1.381083e-05	-2.200000e-05	2.784206e-06	-1.504995e-05	
22.181268	-2.234570e-05	8.000874e-05	1.603438e-06	-7.733146e-06	
22.182269	-1.487766e-05	7.215865e-05	2.501200e-06	1.747167e-05	
22.183270	-2.416883e-06	-4.882596e-05	3.218771e-06	2.219118e-05	
22.184271	7.170694e-06	-8.793154e-05	1.943336e-06	1.006820e-05	
22.185272	1.233488e-05	-1.607454e-05	2.536008e-06	1.894112e-05	
22.186273	9.887007e-06	3.382687e-05	1.713377e-06	3.656104e-05	
22.187274	5.497674e-06	3.472416e-06	-2.108560e-06	4.033364e-05	
22.188274	-8.856201e-07	-4.726181e-05	4.487272e-07	3.474983e-05	
22.189275	-6.632565e-06	-7.341913e-05	5.339444e-06	2.749289e-05	
22.190276	-4.968526e-06	-6.060440e-05	2.357600e-06	3.730304e-05	
22.191277	-5.175120e-06	-2.451303e-05	-4.337280e-07	5.033170e-05	
22.192278	-1.085281e-05	-1.524847e-05	-8.171403e-07	4.719939e-05	
22.193279	-1.132873e-05	4.909266e-05	-2.903723e-06	3.450094e-05	
22.194280	-2.877706e-06	1.433661e-04	-2.616639e-06	9.918478e-06	
22.195280	1.021697e-05	9.307271e-05	-4.249860e-06	5.340540e-06	
22.196281	1.989792e-05	1.143822e-05	-7.676665e-06	1.627816e-05	
22.197282	2.011296e-05	1.509653e-05	-5.909213e-06	-1.397198e-05	
22.198283	1.584151e-05	1.011300e-05	-2.833571e-06	-6.058070e-05	
22.199284	1.258222e-05	1.833752e-06	-6.098707e-07	-7.358511e-05	
22.200285	8.775942e-06	1.682166e-06	2.101925e-06	-4.346426e-05	
22.201286	5.873833e-06	-5.109448e-06	2.281465e-06	2.552118e-07	
22.202286	1.283803e-06	-3.733099e-06	-1.145607e-06	4.061930e-06	
22.203287	-7.223688e-06	5.788982e-06	-3.142708e-06	-2.075904e-05	
22.204288	-1.217304e-05	3.094318e-05	-1.584537e-06	-2.692180e-05	
22.205289	-1.250765e-05	6.174221e-06	8.713655e-08	-1.305800e-05	
22.206290	-7.992159e-06	-3.857111e-05	2.711277e-06	-6.228524e-06	
22.207291	-8.709562e-07	-8.822842e-05	6.900976e-06	-5.526630e-06	
22.208292	-1.180457e-06	-1.833132e-04	7.637722e-06	6.625932e-06	
22.209292	-6.671783e-06	-1.295690e-04	2.242442e-06	1.692233e-05	
22.210293	-1.534672e-05	1.410149e-05	-1.080311e-06	1.905237e-05	
22.211294	-2.717177e-05	6.127560e-05	1.204748e-06	1.868595e-05	
22.212295	-2.448640e-05	5.516227e-05	-2.472534e-07	8.080879e-06	
22.213296	-9.199406e-06	-2.308826e-05	-3.915068e-06	-6.680588e-06	
22.214297	-1.061834e-06	-5.429247e-05	-3.924138e-06	-1.369964e-05	
22.215298	9.218815e-06	-1.827745e-05	-1.674622e-06	-1.400541e-05	
22.216299	1.968593e-05	-1.411169e-05	-2.522811e-07	-1.408620e-05	
22.217299	1.528990e-05	5.484671e-05	-2.400154e-06	-6.224257e-06	
22.218300	1.043380e-05	1.476701e-04	-1.880827e-06	3.964781e-06	
22.219301	9.057091e-06	1.852590e-04	8.273240e-07	-9.142552e-06	
22.220302	7.154460e-06	1.442574e-04	-6.141451e-07	-1.986238e-05	
22.221303	1.065359e-05	4.419332e-05	-2.905239e-07	-1.340697e-06	
22.222304	1.166123e-05	2.921749e-05	1.942948e-07	1.551458e-05	
22.223305	6.845954e-06	6.754495e-05	-3.692513e-06	1.516143e-05	
22.224305	1.752816e-06	4.152890e-05	-4.095263e-06	1.439902e-05	
22.225306	-5.762817e-07	-1.812110e-06	-8.745459e-07	1.495919e-05	
22.226307	1.047825e-06	-4.834594e-05	1.087164e-07	8.645360e-06	
22.227308	-1.808517e-06	-1.083702e-04	1.686805e-06	7.529226e-06	
22.228309	-9.850082e-06	-7.657455e-05	3.820441e-06	1.459017e-05	
22.229310	-1.167026e-05	-1.835011e-05	3.727559e-06	1.459393e-05	
22.230311	-6.565489e-06	-5.367915e-05	3.916598e-06	3.701408e-06	
22.231311	-7.064142e-07	-7.585351e-05	3.086894e-06	-1.358768e-05	
22.232312	-2.379072e-06	-8.059840e-05	-7.119086e-08	-2.421124e-05	
22.233313	-1.234123e-05	-7.552465e-05	-2.288245e-06	-2.436112e-05	
22.234314	-1.315683e-05	-2.150287e-05	-7.787117e-07	-1.542314e-05	
22.235315	-1.770991e-06	-3.974295e-05	3.819256e-06	4.306499e-06	
22.236316	5.835098e-06	-1.371987e-04	6.230321e-06	1.377877e-05	
22.237317	3.617893e-06	-1.586679e-04	5.475503e-06	7.216770e-06	
22.238318	-2.234151e-06	-3.491317e-05	4.352586e-06	7.538751e-06	
22.239318	-3.063790e-06	7.502340e-05	3.663684e-06	1.384670e-05	
22.240319	3.741249e-07	4.551677e-05	1.949577e-06	1.172761e-05	
22.241320	5.295041e-06	-3.965607e-05	5.043392e-07	3.722699e-06	
22.242321	2.904011e-08	-3.769934e-05	8.007964e-08	-1.115902e-06	
22.243322	-9.996793e-06	1.202158e-04	-3.502419e-06	6.405889e-07	
22.244323	8.255121e-07	1.191501e-04	-3.833058e-06	9.410125e-06	
22.245324	1.344982e-06	-3.292018e-05	-2.213180e-06	2.542080e-05	
22.246324	-4.783483e-06	1.035536e-04	-2.256474e-06	2.849147e-05	
22.247325	-4.108742e-06	1.787244e-04	2.027935e-07	2.275282e-05	
22.248326	-3.090425e-05	6.111750e-06	-4.884604e-06	3.478185e-05	
22.249327	-1.107555e-05	9.711568e-06	-2.770675e-06	2.405476e-05	
22.250328	3.713530e-05	2.109322e-05	9.664396e-06	-9.843246e-06	
22.251329	1.921863e-05	-2.328834e-05	4.121434e-06	-1.964678e-05	
22.252330	9.079586e-06	4.262443e-05	-6.068756e-06	-2.566320e-05	
22.253330	2.024677e-05	3.286837e-05	-9.788777e-06	-3.601598e-05	
22.254331	1.382628e-05	-1.066913e-05	-1.266551e-05	-5.644435e-05	
22.255332	6.257238e-06	-4.453142e-06	-1.314478e-05	-7.024803e-05	
22.256333	-4.510899e-06	-2.406819e-05	-2.138214e-05	-3.994990e-05	
22.257334	-2.277008e-06	-4.213327e-05	-2.384445e-05	-2.252866e-05	
22.258335	3.237728e-06	-5.812036e-05	-6.575210e-06	-2.672336e-05	
22.259336	-2.426102e-06	-5.765101e-05	1.215994e-05	-3.726240e-06	
22.260336	-1.551501e-06	-3.482911e-05	2.263106e-05	1.149199e-05	
22.261337	-6.554523e-07	-3.278840e-05	2.031256e-05	6.645383e-06	
22.262338	-6.289552e-06	-2.361055e-05	1.380938e-05	9.301763e-06	
22.263339	-7.738006e-06	5.614601e-06	2.071789e-05	1.003546e-05	
22.264340	-6.978572e-06	2.736435e-05	1.982227e-05	8.983860e-06	
22.265341	-1.359808e-05	2.561376e-05	5.902834e-06	1.400115e-05	
22.266342	-1.447851e-05	8.152865e-06	2.756452e-06	1.367860e-05	
22.267343	-1.560721e-06	1.884879e-05	-8.356106e-08	1.334378e-05	
22.268343	9.120384e-07	3.145890e-05	-9.104226e-06	1.511179e-05	
22.269344	-5.691115e-06	8.432291e-05	-1.284775e-05	1.144128e-05	
22.270345	2.686442e-06	1.747332e-04	-1.013750e-05	1.520539e-05	
22.271346	1.760623e-05	8.073333e-05	-7.605260e-06	1.841181e-05	
22.272347	2.151852e-05	-8.022303e-05	-1.453299e-05	1.086879e-05	
22.273348	5.176899e-06	-4.173644e-05	-2.141894e-05	7.985407e-06	
22.274349	-1.654387e-05	4.011179e-05	-1.911753e-05	7.782207e-06	
22.275349	-1.498782e-05	1.400175e-05	-1.843502e-05	4.556323e-06	
22.276350	-7.898140e-06	-3.481203e-05	-2.293159e-05	1.259728e-06	
22.277351	-8.976498e-06	-2.836818e-05	-1.746019e-05	2.024190e-06	
22.278352	-4.309738e-06	-3.174226e-08	6.638002e-06	5.665669e-06	
22.279353	-6.092413e-06	4.950944e-06	1.990657e-05	4.395023e-06	
22.280354	-1.527477e-05	8.690485e-06	1.328612e-05	5.303880e-06	
22.281355	-2.075882e-05	9.342311e-06	2.184718e-05	4.418184e-06	
22.282355	-2.019672e-05	-1.689116e-06	3.617717e-05	-5.175255e-06	
22.283356	-7.397257e-07	-7.529335e-06	3.264293e-05	-6.272853e-06	
22.284357	2.131146e-05	-4.725797e-06	2.286292e-05	-2.663005e-06	
22.285358	2.046028e-05	-6.615928e-06	1.118342e-05	-6.811714e-06	
22.286359	1.022798e-05	-2.159827e-05	4.955342e-06	-8.169303e-06	
22.287360	2.246366e-06	-3.372382e-05	6.646493e-06	-4.504461e-06	
22.288361	1.670146e-06	-4.173745e-05	3.392257e-06	-1.640165e-06	
22.289362	1.137828e-05	-6.024250e-05	1.991318e-06	7.499640e-07	
22.290362	1.226554e-05	-8.687531e-05	2.389536e-06	9.021578e-07	
22.291363	1.641993e-05	-1.073704e-04	-4.237062e-06	-3.300844e-07	
22.292364	3.034522e-05	-1.156201e-04	-5.525800e-06	7.509976e-07	
22.293365	1.381601e-05	-1.076903e-04	-2.387876e-06	1.499695e-06	
22.294366	1.691734e-05	-4.701927e-05	-3.841601e-06	-9.395244e-07	
22.295367	3.778294e-05	9.364117e-05	-6.289102e-06	-2.232609e-06	
22.296368	-3.351014e-05	2.686159e-04	-9.260933e-06	3.177323e-07	
22.297368	-7.932165e-05	3.729210e-04	-8.362270e-06	-2.372917e-07	
22.298369	-9.775270e-06	3.187662e-04	-7.532720e-06	-4.782788e-06	
22.299370	1.993808e-05	1.371277e-04	-1.184111e-05	-5.263461e-06	
22.300371	2.050291e-07	-4.801821e-05	-1.156341e-05	-8.374229e-06	
22.301372	4.908063e-06	-1.694070e-04	-9.063148e-06	-1.478747e-05	
22.302373	9.771277e-06	-2.561524e-04	-7.599023e-06	-1.477275e-05	
22.303374	1.063584e-05	-3.396175e-04	-2.857925e-06	-2.094002e-05	
22.304374	1.514845e-05	-4.172549e-04	6.247590e-06	-3.129104e-05	
22.305375	-1.673411e-06	-4.693976e-04	1.868512e-05	-2.601333e-05	
22.306376	-4.169922e-05	-4.394979e-04	2.188567e-05	-1.277968e-05	
22.307377	-4.318096e-05	-2.824506e-04	1.575882e-05	-5.002956e-07	
22.308378	-6.471287e-08	-5.362324e-05	9.918558e-06	1.284136e-05	
22.309379	2.602767e-05	1.425946e-04	-4.926246e-06	2.288726e-05	
22.310380	2.138577e-05	2.643103e-04	-2.892525e-05	3.003704e-05	
22.311381	8.566830e-06	3.318824e-04	-4.774109e-05	3.045800e-05	
22.312381	2.629964e-05	3.733883e-04	-5.011644e-05	2.147405e-05	
22.313382	2.469614e-05	4.061290e-04	-2.696930e-05	1.910877e-05	
22.314383	-4.532643e-05	4.151006e-04	8.748434e-06	2.412567e-05	
22.315384	-5.312860e-05	3.622957e-04	2.428900e-05	2.422493e-05	
22.316385	-1.062153e-06	2.553689e-04	2.389947e-05	1.648821e-05	
22.317386	-1.134946e-05	1.352340e-04	3.861183e-05	3.342298e-06	
22.318387	-4.736009e-07	2.533220e-05	5.098279e-05	3.616205e-07	
22.319387	4.468592e-05	-5.763754e-05	2.945697e-05	2.226540e-07	
22.320388	1.108278e-05	-1.117341e-04	-8.750185e-06	-1.392866e-05	
22.321389	-3.922274e-05	-1.355507e-04	-3.895234e-05	-3.020303e-05	
22.322390	-3.437121e-05	-1.212428e-04	-5.464907e-05	-4.196904e-05	
22.323391	-2.227443e-05	-9.425093e-05	-4.804935e-05	-3.335021e-05	
22.324392	-1.806233e-05	-8.616335e-05	-3.286112e-05	-1.003221e-05	
22.325393	-7.810290e-06	-9.776151e-05	-4.055090e-05	-7.132574e-06	
22.326393	5.808190e-06	-1.096058e-04	-6.835399e-05	-8.745183e-06	
22.327394	1.310703e-05	-9.857597e-05	-7.590775e-05	-6.306717e-06	
22.328395	1.690548e-05	-6.258813e-05	-2.660287e-05	-8.505992e-06	
22.329396	4.698176e-05	-2.560481e-05	5.458418e-05	1.663871e-06	
22.330397	6.816958e-05	1.259859e-05	1.003402e-04	7.277543e-06	
22.331398	2.159464e-05	7.372271e-05	9.524376e-05	2.849651e-06	
22.332399	-3.409924e-05	1.174263e-04	7.325289e-05	1.312834e-05	
22.333399	-2.534664e-05	9.050765e-05	6.160866e-05	2.757333e-05	
22.334400	4.104821e-05	2.709988e-05	5.780271e-05	3.028707e-05	
22.335401	1.009208e-04	-2.321435e-05	4.710632e-05	2.380317e-05	
22.336402	1.090821e-04	-6.735489e-05	3.836657e-05	2.097521e-05	
22.337403	9.791539e-05	-1.014093e-04	3.239641e-05	2.808772e-05	
22.338404	4.501938e-05	-9.877386e-05	1.490324e-05	2.841660e-05	
22.339405	-5.345201e-05	-7.694772e-05	-3.009643e-06	1.425561e-05	
22.340406	-1.219951e-04	-4.861931e-05	-1.202689e-05	-3.450713e-06	
22.341406	-1.570984e-04	-7.580965e-06	-2.059105e-05	-1.718008e-05	
22.342407	-1.411754e-04	5.444135e-06	-2.807562e-05	-3.296308e-05	
22.343408	-1.204620e-04	-1.326620e-05	-3.071995e-05	-4.730934e-05	
22.344409	-1.442171e-04	-1.855822e-05	-3.173852e-05	-3.554790e-05	
22.345410	-8.675597e-05	-1.164404e-05	-3.182180e-05	-1.530474e-05	
22.346411	7.038365e-06	2.094942e-06	-3.071391e-05	-1.714373e-05	
22.347412	2.285664e-05	1.146514e-05	-3.296498e-05	-1.447654e-05	
22.348412	2.815480e-05	8.401343e-07	-3.698289e-05	-5.488277e-06	
22.349413	1.173432e-05	-5.832548e-06	-3.640262e-05	-1.412919e-05	
22.350414	-3.102007e-05	-1.039312e-05	-3.116986e-05	-1.986514e-05	
22.351415	-5.361180e-05	-2.078392e-05	-2.325640e-05	-1.268168e-05	
22.352416	-6.436720e-05	-1.568827e-05	-1.950481e-05	-1.020763e-05	
22.353417	1.873489e-05	4.127572e-06	-2.182105e-05	-8.576964e-06	
22.354418	1.214579e-04	1.722771e-05	-2.057280e-05	7.937407e-06	
22.355418	7.507729e-05	8.440172e-06	-1.457855e-05	2.412740e-05	
22.356419	3.034962e-05	-1.240016e-05	-2.374120e-06	2.134911e-05	
22.357420	1.001227e-04	-3.178260e-05	1.719443e-05	2.166379e-05	
22.358421	1.989014e-04	-4.790699e-05	3.086453e-05	3.515591e-05	
22.359422	2.275059e-04	-2.408213e-05	3.391438e-05	4.482217e-05	
22.360423	1.432031e-04	6.205531e-05	3.083710e-05	4.599011e-05	
22.361424	5.509472e-05	1.154825e-04	1.986076e-05	3.803130e-05	
22.362425	-9.034621e-06	7.949488e-05	1.013189e-05	2.592701e-05	
22.363425	-3.182804e-05	4.413888e-05	1.369690e-05	1.589079e-05	
22.364426	1.920357e-05	3.462839e-05	1.672781e-05	4.026793e-06	
22.365427	-4.920835e-06	1.122702e-05	1.368439e-05	-1.725850e-05	
22.366428	-8.754661e-05	-3.189522e-06	1.571462e-05	-4.613575e-05	
22.367429	-5.966634e-05	-1.183585e-05	1.195696e-05	-5.090262e-05	
22.368430	3.388417e-05	-3.598244e-05	8.159374e-06	-2.608532e-05	
22.369431	4.241935e-05	-4.642599e-05	1.464608e-05	-1.571822e-05	
22.370431	-2.402672e-05	-4.399104e-05	8.403188e-06	-2.190765e-05	
22.371432	-5.356550e-05	-5.359138e-05	-3.928338e-06	-1.595737e-05	
22.372433	-5.187085e-05	-5.163154e-05	-6.557488e-06	-3.291548e-06	
22.373434	-6.785818e-05	-2.747141e-05	-8.821734e-06	3.029797e-06	
22.374435	-8.527827e-05	9.264306e-06	-1.235287e-05	3.148908e-06	
22.375436	-9.848905e-05	6.613222e-05	-1.770599e-05	9.871499e-07	
22.376437	-1.052637e-04	1.265234e-04	-1.841902e-05	4.487504e-06	
22.377437	-8.275000e-05	1.682933e-04	-1.965258e-05	1.083134e-05	
22.378438	-6.263648e-05	1.975007e-04	-2.772233e-05	1.247385e-06	
22.379439	-4.721456e-05	2.110519e-04	-2.385422e-05	-1.138433e-05	
22.380440	2.742554e-05	1.837431e-04	-1.212693e-05	-3.981002e-06	
22.381441	1.169490e-04	1.121501e-04	-2.860222e-06	2.235550e-06	
22.382442	1.638225e-04	1.453972e-05	7.429716e-06	1.016591e-06	
22.383443	1.356697e-04	-8.871001e-05	2.062089e-05	7.597961e-06	
22.384443	-2.077610e-05	-1.664898e-04	3.465415e-05	1.377904e-05	
22.385444	-1.721854e-04	-2.136222e-04	2.926131e-05	1.173199e-05	
22.386445	-1.587416e-04	-2.429475e-04	9.631675e-06	1.592186e-06	
22.387446	-6.437052e-05	-2.406645e-04	4.090642e-06	-7.919042e-06	
22.388447	-1.347797e-05	-2.157991e-04	7.255033e-06	-6.562863e-06	
22.389448	2.489112e-05	-1.931319e-04	6.187467e-06	-8.027863e-07	
22.390449	6.242895e-05	-1.537723e-04	2.581581e-06	7.544744e-07	
22.391450	3.283007e-05	-1.051750e-04	-3.415870e-06	4.444620e-06	
22.392450	7.828462e-06	-6.826917e-05	-6.550170e-06	1.238426e-05	
22.393451	1.658936e-05	-9.402238e-06	-8.854399e-07	9.293750e-06	
22.394452	-3.057081e-05	5.333860e-05	4.172729e-06	3.962705e-06	
22.395453	-5.332832e-05	7.579567e-05	7.846535e-06	7.883663e-06	
22.396454	-3.793516e-05	8.891664e-05	1.675149e-05	2.324761e-06	
22.397455	-4.177700e-05	1.091835e-04	1.410315e-05	-8.539871e-06	
22.398456	4.296942e-05	1.146602e-04	-3.651953e-06	-8.993232e-06	
22.399456	1.196784e-04	1.067165e-04	-1.380452e-05	-5.436209e-06	
22.400457	5.898953e-05	1.036800e-04	-1.448136e-05	-9.420531e-06	
22.401458	1.484455e-05	1.090116e-04	-1.125321e-05	-1.163624e-05	
22.402459	2.840509e-05	1.115374e-04	-1.867565e-06	2.804187e-06	
22.403460	4.147568e-05	1.041463e-04	-2.009931e-07	6.778340e-06	
22.404461	5.024399e-05	8.415096e-05	-4.003183e-06	-7.377952e-06	
22.405462	2.574336e-05	6.387760e-05	9.718010e-07	-1.180768e-05	
22.406462	1.993055e-05	4.924606e-05	-1.455266e-06	-1.124411e-05	
22.407463	5.119594e-05	3.404618e-05	-9.957249e-06	-8.128605e-06	
22.408464	3.267594e-05	2.146365e-05	-2.521052e-06	8.275260e-08	
22.409465	-1.251936e-05	5.200698e-06	4.603026e-06	1.265991e-06	
22.410466	5.241079e-07	-9.155247e-06	-8.538356e-06	-3.431473e-07	
22.411467	1.302004e-05	-1.477873e-05	-1.715224e-05	1.364088e-07	
22.412468	-3.794412e-05	-2.202572e-05	-1.366718e-05	2.507416e-06	
22.413469	-3.570226e-05	-2.907728e-05	-2.153039e-05	1.208857e-05	
22.414469	1.821507e-05	-4.287385e-05	-3.036622e-05	1.259030e-05	
22.415470	1.760212e-05	-5.642648e-05	-3.894433e-05	-1.071534e-06	
22.416471	2.514731e-05	-4.764957e-05	-4.219265e-05	7.933586e-06	
22.417472	5.729737e-06	-3.918760e-05	-1.652454e-05	2.156166e-05	
22.418473	-7.433623e-05	-4.611273e-05	6.338795e-06	2.430053e-06	
22.419474	-1.058289e-04	-4.957144e-05	2.079393e-05	2.002187e-08	
22.420475	-1.089764e-04	-4.715444e-05	4.559682e-05	2.327931e-05	
22.421475	-5.720629e-05	-3.423214e-05	5.204148e-05	1.796972e-05	
22.422476	6.465445e-05	-1.433118e-05	4.181895e-05	-5.572387e-07	
22.423477	8.098815e-05	-3.249407e-06	3.315584e-05	5.621420e-06	
22.424478	-9.521223e-07	8.176484e-06	2.201427e-05	1.757010e-05	
22.425479	-2.681159e-05	1.788019e-05	1.118498e-05	8.610515e-06	
22.426480	-1.357714e-05	1.207528e-05	5.968404e-06	-1.255776e-05	
22.427481	-1.156718e-05	-1.250323e-05	6.774454e-06	-4.554215e-05	
22.428481	-2.034463e-06	-4.947566e-05	4.406107e-06	-7.413560e-05	
22.429482	3.097530e-06	-6.951762e-05	-2.930067e-06	-4.880607e-05	
22.430483	-8.067994e-06	-6.691088e-05	-4.465061e-06	6.679114e-06	
22.431484	-1.635785e-05	-6.202582e-05	-2.760204e-06	2.815956e-05	
22.432485	-1.094512e-05	-3.963689e-05	-6.436924e-06	1.512462e-05	
22.433486	2.800235e-07	-1.576545e-05	-1.213712e-05	1.164947e-05	
22.434487	2.848975e-06	-3.273109e-05	-1.145613e-05	3.463648e-05	
22.435487	9.119175e-07	-2.880648e-05	-5.386981e-06	4.950105e-05	
22.436488	-1.310054e-05	6.932303e-06	-4.860631e-06	4.565793e-05	
22.437489	-2.306400e-05	2.556703e-05	-9.754308e-06	2.575700e-05	
22.438490	3.277222e-05	9.053322e-05	-7.346625e-06	-3.786918e-06	
22.439491	9.539291e-05	1.598575e-04	-1.495311e-06	-7.255263e-06	
22.440492	6.371133e-05	1.509725e-04	-1.293429e-06	-2.644241e-05	
22.441493	4.125718e-06	1.257656e-04	-1.124965e-06	-8.635944e-05	
22.442494	-9.508722e-06	1.022033e-04	-1.849900e-06	-1.003156e-04	
22.443494	-2.678219e-05	7.038805e-05	-6.862036e-06	-5.277219e-05	
22.444495	-4.753923e-05	3.808775e-05	-1.095480e-05	-2.203826e-06	
22.445496	-3.536471e-05	1.746470e-06	-1.248980e-05	2.151669e-05	
22.446497	-3.990057e-05	-2.658941e-05	-1.195291e-05	2.115253e-05	
22.447498	-3.003235e-05	-5.403590e-05	-5.238196e-06	2.321863e-05	
22.448499	4.261737e-05	-7.080558e-05	5.351228e-06	2.379170e-05	
22.449500	1.070139e-04	-6.644737e-05	8.283504e-06	8.176348e-06	
22.450500	1.050876e-04	-7.072140e-05	7.721309e-06	1.644392e-06	
22.451501	6.192903e-06	-8.357828e-05	1.113738e-05	1.833900e-05	
22.452502	-5.921513e-05	-8.522194e-05	7.826185e-06	2.349280e-05	
22.453503	-9.143898e-06	-8.309493e-05	1.523418e-06	2.312065e-06	
22.454504	3.438268e-06	-7.433244e-05	4.694894e-06	-6.691112e-06	
22.455505	5.038836e-06	-5.075517e-05	7.589820e-06	-6.414756e-06	
22.456506	7.085557e-06	-3.113983e-05	3.181478e-06	-2.314261e-05	
22.457506	-5.091197e-05	-2.427182e-05	-7.049581e-07	-2.703485e-05	
22.458507	-5.390116e-05	-1.986808e-05	-1.217955e-06	-2.541582e-06	
22.459508	-3.597567e-05	-1.282333e-05	-1.159251e-06	2.870973e-05	
22.460509	-4.057121e-05	4.367886e-06	-4.358165e-07	5.039839e-05	
22.461510	-3.403263e-06	2.692248e-05	1.357437e-06	2.634604e-05	
22.462511	1.708621e-05	4.048769e-05	-7.436787e-07	-2.496580e-05	
22.463512	6.649649e-06	5.120841e-05	-3.755515e-06	-2.210694e-06	
22.464513	4.353049e-06	5.993815e-05	-5.119571e-07	5.297615e-05	
22.465513	5.045288e-06	6.043105e-05	2.127894e-06	4.697383e-05	
22.466514	7.292789e-06	6.184408e-05	1.188435e-06	3.318715e-05	
22.467515	1.564839e-05	6.090117e-05	-1.099363e-06	-3.593835e-06	
22.468516	3.334133e-05	5.060992e-05	-3.018702e-06	-4.053075e-05	
22.469517	2.156222e-05	3.792245e-05	4.251531e-07	3.416037e-05	
22.470518	-1.778204e-05	2.453288e-05	1.789928e-06	9.259763e-05	
22.471519	-4.209059e-06	1.987068e-05	-3.021179e-06	3.979325e-05	
22.472519	5.816154e-05	2.906358e-05	-5.298091e-06	-9.926428e-06	
22.473520	8.585096e-05	2.692954e-05	-3.362890e-06	-6.730728e-05	
22.474521	5.534260e-05	8.373883e-06	2.229966e-07	-1.275926e-04	
22.475522	-1.225656e-05	-2.375775e-06	2.656948e-06	-4.850485e-05	
22.476523	-4.889407e-05	-8.607207e-06	-2.693763e-07	4.643182e-05	
22.477524	-7.173033e-06	-1.805665e-05	-5.760066e-06	-7.037230e-05	
22.478525	-2.461412e-05	-2.335701e-05	-6.086298e-06	-2.046108e-04	
22.479525	-1.230953e-04	-2.520592e-05	-2.304981e-06	-1.555666e-04	
22.480526	-1.247916e-04	-1.680507e-05	2.064643e-06	-5.788884e-05	
22.481527	-5.884027e-05	-8.483795e-06	4.716333e-06	2.866474e-05	
22.482528	-6.900130e-06	-1.543471e-05	1.204587e-06	9.707320e-05	
22.483529	6.542097e-05	-1.902556e-05	-2.439115e-06	1.063097e-04	
22.484530	7.992985e-05	-1.744284e-05	-7.255137e-07	1.095391e-04	
22.485531	-5.876445e-06	-1.686136e-05	1.614476e-06	1.347430e-04	
22.486531	-2.893470e-05	-1.141967e-05	3.316783e-07	1.615841e-04	
22.487532	1.720953e-05	-7.124877e-06	-3.589161e-06	1.132999e-04	
22.488533	-1.277729e-05	-5.728682e-06	-2.632889e-06	-5.435457e-06	
22.489534	-5.366375e-05	-6.987957e-06	1.810149e-06	-5.581480e-05	
22.490535	-5.646966e-05	-7.478691e-06	3.149166e-06	-6.812253e-05	
22.491536	-2.622819e-06	-3.916659e-06	3.414472e-06	-6.170898e-05	
22.492537	1.530018e-04	3.064202e-06	4.544750e-06	5.705238e-06	
22.493538	2.013198e-04	1.038885e-05	5.292470e-06	-9.264381e-06	
22.494538	7.094594e-05	5.317864e-06	1.100220e-06	-7.823593e-05	
22.495539	-4.559865e-05	1.232921e-05	-3.933439e-06	-4.720702e-05	
22.496540	-1.027666e-04	4.438614e-05	-2.371137e-06	-3.801863e-05	
22.497541	-7.650335e-05	4.991879e-05	7.769617e-07	-1.154770e-04	
22.498542	7.607821e-07	1.916038e-05	1.338561e-06	-1.223126e-04	
22.499543	-7.541661e-06	-1.203861e-05	-2.666166e-07	-6.029726e-05	
22.500544	-3.694044e-05	-2.781705e-05	9.834901e-07	-1.766893e-05	
22.501544	-1.000776e-05	-3.055754e-05	7.058012e-06	3.921413e-05	
22.502545	3.035570e-06	-3.360619e-05	1.092909e-05	8.181833e-05	
22.503546	-2.103873e-06	-3.634487e-05	1.034734e-05	8.034923e-05	
22.504547	1.672590e-06	-3.662164e-05	7.309901e-06	8.666182e-05	
22.505548	6.821151e-06	-4.085997e-05	5.543576e-06	8.121585e-05	
22.506549	9.116816e-06	-4.202810e-05	5.517877e-06	3.954881e-05	
22.507550	7.540823e-06	-3.719904e-05	3.342858e-06	2.376881e-06	
22.508550	9.555390e-06	-3.077533e-05	2.865089e-06	6.711670e-06	
22.509551	1.250807e-05	-2.056236e-05	5.200028e-06	4.187266e-05	
22.510552	7.943901e-06	-9.183774e-06	3.269339e-06	6.734177e-05	
22.511553	1.946512e-07	-5.131936e-07	-3.306782e-07	5.621016e-05	
22.512554	-2.505220e-06	1.013600e-05	-3.307292e-07	3.861329e-05	
22.513555	-1.835938e-06	1.619310e-05	-1.645534e-07	3.679085e-05	
22.514556	-3.635227e-06	1.727325e-05	-3.537311e-06	-1.090888e-05	
22.515557	-9.179929e-06	3.233714e-05	-6.766918e-06	-7.200215e-05	
22.516557	-9.020255e-06	4.621950e-05	-8.647158e-06	-9.549049e-05	
22.517558	5.832040e-06	4.069861e-05	-1.693399e-05	-1.221096e-04	
22.518559	3.173066e-07	3.271216e-05	-1.974857e-05	-7.990344e-05	
22.519560	-1.364314e-05	2.581284e-05	-2.848707e-05	2.113312e-05	
22.520561	1.111425e-05	2.097698e-05	-6.990103e-05	4.325789e-05	
22.521562	1.252162e-05	2.309843e-05	-7.942844e-05	1.419424e-05	
22.522563	-5.999116e-06	2.332522e-05	-2.475408e-05	5.415862e-06	
22.523563	1.394469e-05	1.983238e-05	1.702980e-05	2.308566e-05	
22.524564	1.364443e-05	1.545178e-05	2.545245e-05	6.289920e-05	
22.525565	-4.494977e-06	1.205327e-05	3.252449e-05	5.974326e-05	
22.526566	-1.389713e-06	1.200833e-05	3.635597e-05	-1.403336e-05	
22.527567	-1.918311e-06	7.058520e-06	3.178891e-05	-7.089330e-05	
22.528568	-2.412066e-06	-7.139662e-06	2.437464e-05	-8.601793e-05	
22.529569	-2.694879e-06	-1.622026e-05	1.606140e-05	-9.976448e-05	
22.530569	-7.567378e-06	-1.889895e-05	9.819955e-06	-1.108116e-04	
22.531570	-5.234839e-06	-2.291403e-05	8.579351e-06	-1.016333e-04	
22.532571	-1.313875e-06	-2.726993e-05	9.046212e-06	-4.990013e-05	
22.533572	1.526678e-06	-4.570948e-05	8.682760e-06	1.258713e-05	
22.534573	7.128731e-06	-6.647231e-05	8.987768e-06	5.005726e-05	
22.535574	6.670711e-06	-5.665443e-05	7.289114e-06	7.533210e-05	
22.536575	-4.297786e-06	-2.962964e-05	3.128350e-06	8.957356e-05	
22.537575	-9.154718e-06	-6.486045e-06	2.840486e-06	9.932651e-05	
22.538576	3.348872e-07	7.071432e-06	2.160897e-06	9.396330e-05	
22.539577	5.733777e-06	9.167544e-06	1.041022e-07	6.419278e-05	
22.540578	6.013732e-07	1.469346e-05	1.892814e-06	3.413820e-05	
22.541579	-1.224277e-06	2.017394e-05	1.016891e-06	1.561407e-05	
22.542580	-1.855038e-06	1.873876e-05	7.973858e-07	9.198929e-06	
22.543581	-5.474295e-06	2.130636e-05	2.824529e-06	1.372796e-05	
22.544582	-1.864152e-06	2.471611e-05	-2.562605e-06	2.012717e-05	
22.545582	4.199648e-06	2.924198e-05	-8.152909e-06	1.461437e-05	
22.546583	3.111204e-06	2.635285e-05	-6.276230e-06	1.058727e-05	
22.547584	2.148435e-06	1.316386e-05	-6.628437e-06	5.635156e-06	
22.548585	6.674098e-06	1.418798e-05	-1.189902e-05	-4.792567e-05	
22.549586	8.665320e-06	2.265797e-05	-1.052360e-05	-1.117836e-04	
22.550587	-8.956872e-08	3.205839e-05	-3.155149e-06	-1.146058e-04	
22.551588	-1.177168e-05	4.638290e-05	2.564515e-07	-9.708825e-05	
22.552588	-1.818263e-05	4.632234e-05	1.426976e-06	-7.692442e-05	
22.553589	-2.448348e-05	3.180430e-05	3.918651e-06	-1.136909e-05	
22.554590	-2.843298e-05	1.674351e-05	5.556783e-06	5.136980e-05	
22.555591	-2.530940e-05	1.017794e-05	5.555037e-06	6.346235e-05	
22.556592	-1.935981e-05	5.905244e-06	4.431744e-06	6.666727e-05	
22.557593	-1.003528e-05	-1.119781e-05	2.152872e-06	4.791088e-05	
22.558594	3.842190e-06	-2.684289e-05	1.477155e-06	-5.327961e-06	
22.559594	1.502765e-05	-2.839751e-05	1.796998e-06	-3.142749e-06	
22.560595	1.638198e-05	-2.687060e-05	-1.647557e-06	4.820237e-05	
22.561596	1.271339e-05	-3.042335e-05	-6.290941e-06	5.463544e-05	
22.562597	1.478614e-05	-3.907497e-05	-8.523339e-06	3.565955e-05	
22.563598	1.793843e-05	-4.566858e-05	-7.930797e-06	2.480328e-05	
22.564599	1.174618e-05	-4.619905e-05	-6.726791e-06	7.629268e-06	
22.565600	4.353635e-06	-4.120841e-05	-8.686691e-06	-1.847693e-05	
22.566601	2.394322e-06	-3.472965e-05	-9.670519e-06	-5.864324e-05	
22.567601	6.901835e-07	-3.950014e-05	-9.354406e-06	-4.366904e-05	
22.568602	3.484497e-06	-4.684225e-05	-1.147011e-05	5.025729e-05	
22.569603	7.945194e-06	-4.050454e-05	-1.174659e-05	7.907722e-05	
22.570604	5.995829e-06	-3.607561e-05	-9.024716e-06	-7.900026e-06	
22.571605	4.522353e-06	-3.117209e-05	-6.042735e-06	-9.657492e-05	
22.572606	4.052292e-06	-1.643721e-06	-3.229909e-06	-1.156375e-04	
22.573607	3.506034e-06	3.309540e-05	2.186434e-06	-9.724802e-05	
22.574607	4.408197e-06	4.551260e-05	7.258701e-06	-6.864205e-05	
22.575608	3.532443e-06	3.935502e-05	5.084003e-06	-3.750566e-05	
22.576609	6.773630e-06	2.076952e-05	5.022268e-06	3.972306e-06	
22.577610	8.873359e-06	8.031172e-06	9.964643e-06	7.931284e-05	
22.578611	2.602287e-06	1.954566e-05	1.000052e-05	8.061959e-05	
22.579612	-5.122590e-07	3.382575e-05	9.791534e-06	3.435987e-06	
22.580613	-2.286907e-06	3.084858e-05	1.084457e-05	3.018242e-06	
22.581613	-4.229198e-06	2.629180e-05	9.370411e-06	2.765832e-05	
22.582614	-2.554009e-06	2.319274e-05	7.941519e-06	1.572345e-05	
22.583615	-4.865430e-06	1.191435e-05	7.252523e-06	1.655599e-06	
22.584616	-6.930127e-06	4.896933e-06	7.739375e-06	-2.272569e-06	
22.585617	-7.325232e-06	5.449476e-06	6.074498e-06	3.029883e-05	
22.586618	-9.026308e-06	6.800252e-06	3.412249e-06	4.621001e-05	
22.587619	-5.468346e-06	8.971979e-06	2.588664e-06	2.862912e-05	
22.588619	4.705961e-07	6.739875e-06	-1.772528e-07	1.730125e-05	
22.589620	1.395413e-06	4.117466e-06	-2.875071e-06	1.228034e-05	
22.590621	-4.375023e-06	5.257446e-06	-6.556626e-06	2.088969e-05	
22.591622	-1.086429e-05	3.824479e-06	-9.458279e-06	1.032149e-05	
22.592623	-1.209584e-05	-1.100142e-06	-5.945241e-06	-1.260426e-05	
22.593624	-1.166025e-05	-4.910441e-06	-1.318747e-06	-1.256735e-05	
22.594625	-1.283343e-05	-1.259544e-06	8.117572e-07	-1.711603e-05	
22.595626	-1.107584e-05	4.847860e-06	-5.760902e-07	-2.328646e-05	
22.596626	-5.328259e-06	2.845129e-06	-1.222350e-06	-2.886381e-05	
22.597627	-3.457194e-06	-2.725477e-06	2.927587e-06	-4.362096e-05	
22.598628	-3.386978e-06	-4.628990e-06	5.938586e-06	-3.080582e-05	
22.599629	-3.405711e-08	-2.841872e-06	5.923089e-06	3.629935e-06	
22.600630	1.988572e-06	4.042577e-07	3.553243e-06	1.444574e-05	
22.601631	1.562599e-06	1.877160e-06	3.822846e-08	9.306205e-06	
22.602632	1.307531e-07	1.768682e-06	-3.205146e-06	8.276252e-06	
22.603632	1.012950e-06	2.120924e-06	-5.708161e-06	4.948265e-06	
22.604633	4.029771e-06	4.287403e-06	-6.039502e-06	-4.951130e-06	
22.605634	4.467040e-06	9.400669e-06	-5.945628e-06	-6.978395e-06	
22.606635	5.088107e-06	1.542051e-05	-5.243426e-06	1.088872e-05	
22.607636	4.602367e-06	1.932404e-05	-2.798925e-06	2.659321e-05	
22.608637	2.554324e-06	1.979656e-05	-7.548170e-07	2.034774e-05	
22.609638	3.613467e-06	1.757851e-05	-5.960540e-07	1.426160e-05	
22.610638	3.829762e-06	1.545159e-05	-9.150944e-07	1.347181e-05	
22.611639	5.033662e-06	1.376644e-05	8.543173e-07	-2.081224e-05	
22.612640	8.340546e-06	5.755345e-06	2.506265e-06	-5.529178e-05	
22.613641	7.774569e-06	-2.815658e-06	8.542979e-07	-2.625382e-05	
22.614642	6.307713e-06	4.639812e-07	-1.127279e-06	1.249247e-05	
22.615643	5.811593e-06	-7.103096e-06	-1.547485e-06	1.165322e-05	
22.616644	8.248024e-06	-2.618341e-05	-3.047585e-07	5.994058e-06	
22.617645	1.249504e-05	-2.537083e-05	6.348857e-07	1.099898e-06	
22.618645	1.139889e-05	-3.044741e-05	-2.848706e-06	-1.575963e-05	
22.619646	8.439892e-06	-5.073252e-05	-2.803395e-06	-1.660486e-05	
22.620647	3.924314e-06	-4.513700e-05	1.205273e-06	3.900582e-06	
22.621648	-1.427336e-06	-2.873170e-05	-2.171463e-06	6.445460e-06	
22.622649	-1.610464e-06	-3.844086e-05	-3.550308e-06	-1.073704e-05	
22.623650	-2.429656e-06	-6.642939e-05	1.378539e-06	-1.419949e-05	
22.624651	-5.548920e-06	-1.029051e-04	1.111104e-06	-1.761103e-06	
22.625651	-6.760707e-06	-1.334948e-04	-2.214692e-07	5.755172e-06	
22.626652	-6.028834e-06	-1.346529e-04	6.316530e-07	1.322940e-05	
22.627653	-7.636874e-06	-1.262554e-04	-1.041208e-06	2.028974e-05	
22.628654	-1.276237e-05	-1.103295e-04	-1.476625e-06	1.048570e-05	
22.629655	-1.171913e-05	-8.514403e-05	9.303834e-07	1.711635e-06	
22.630656	-6.858285e-06	-5.776731e-05	3.013803e-06	-2.225249e-06	
22.631657	-4.264953e-06	-1.294087e-05	4.948812e-06	-2.541708e-06	
22.632657	-1.039171e-06	5.883536e-06	5.135777e-06	1.233639e-05	
22.633658	-1.201407e-06	8.477631e-05	1.861927e-06	1.326294e-05	
22.634659	-4.482753e-06	2.551251e-04	4.131104e-07	1.755367e-06	
22.635660	-6.539488e-06	3.051132e-04	1.597301e-06	1.664953e-06	
22.636661	-6.945691e-06	2.741747e-04	1.676516e-06	3.173408e-07	
22.637662	-7.372014e-06	2.709418e-04	2.578121e-06	-5.986212e-07	
22.638663	-7.617400e-06	2.355292e-04	8.577784e-07	9.125868e-07	
22.639664	-3.650481e-06	1.810891e-04	-2.980812e-06	-8.820445e-07	
22.640664	-1.587439e-06	1.082364e-04	-2.414382e-07	-1.224196e-06	
22.641665	-1.547885e-06	3.634828e-05	4.358762e-06	-2.899177e-06	
22.642666	3.304046e-06	-6.571867e-06	4.204874e-06	-4.997744e-06	
22.643667	4.112057e-06	-4.689558e-05	3.359050e-06	-3.172211e-06	
22.644668	9.235555e-07	-7.327399e-05	3.416570e-06	-1.158907e-06	
22.645669	1.606903e-06	-7.489105e-05	1.110771e-06	-1.762194e-06	
22.646670	3.748681e-06	-6.828140e-05	-8.244213e-07	-1.961541e-06	
22.647670	5.552257e-06	-6.754759e-05	5.988110e-07	-9.509152e-07	
22.648671	5.595090e-06	-6.081257e-05	3.229484e-06	-8.524642e-07	
22.649672	6.807854e-06	-5.373876e-05	5.737411e-06	-2.558613e-06	
22.650673	6.757864e-06	-6.467886e-05	1.448728e-06	-6.569125e-06	
22.651674	1.655563e-06	-7.207376e-05	-3.907361e-06	-4.172475e-06	
22.652675	4.615696e-06	-7.546900e-05	-2.333795e-06	2.107630e-06	
22.653676	9.798675e-06	-8.209475e-05	-1.631065e-06	-1.367433e-06	
22.654676	4.219758e-06	-7.819095e-05	1.823758e-06	-4.035396e-06	
22.655677	1.665309e-06	-7.213799e-05	1.892722e-06	1.130880e-07	
22.656678	1.559974e-06	-6.895269e-05	-1.204763e-06	1.210119e-06	
22.657679	-3.533953e-06	-5.547046e-05	2.327765e-06	-1.433378e-07	
22.658680	-3.835272e-06	-3.217210e-05	-1.766362e-06	-1.803130e-06	
22.659681	-3.515373e-07	-1.270543e-05	-4.306177e-06	-1.384862e-06	
22.660682	5.139018e-07	-4.992158e-06	-1.701826e-05	2.516914e-06	
22.661682	-2.990936e-07	9.630470e-07	-5.768490e-05	4.897298e-06	
22.662683	7.848185e-07	1.314636e-05	-7.452449e-05	4.097565e-06	
22.663684	3.066051e-06	2.251683e-05	-6.142873e-05	1.882437e-06	
22.664685	1.395962e-06	3.314918e-05	-4.935294e-05	2.533492e-07	
22.665686	-1.469482e-06	3.669834e-05	-2.730963e-05	-2.091423e-07	
22.666687	-4.342088e-06	1.636383e-05	1.749217e-06	-9.427617e-07	
22.667688	-7.147958e-06	-8.308833e-06	3.240021e-05	1.720051e-06	
22.668689	-5.520999e-06	-2.386693e-05	5.069675e-05	4.533552e-06	
22.669689	-5.277580e-06	-1.988091e-05	5.389522e-05	1.391153e-06	
22.670690	-7.396035e-06	-1.105568e-05	8.568722e-05	7.775923e-07	
22.671691	-1.442674e-06	-2.997376e-05	1.085360e-04	1.578090e-06	
22.672692	5.723993e-06	-3.419535e-05	6.794470e-05	-3.333374e-07	
22.673693	3.499265e-06	-1.078671e-05	2.857958e-05	-2.216957e-06	
22.674694	2.680238e-06	2.700914e-06	1.785123e-05	-4.518378e-06	
22.675695	5.386597e-06	1.418599e-05	3.779340e-06	-1.095047e-06	
22.676695	1.419583e-06	1.422857e-05	-1.455286e-06	1.231018e-06	
22.677696	-4.133722e-06	5.143348e-06	-3.329347e-07	-1.219456e-06	
22.678697	-9.371322e-06	9.985358e-07	-3.697954e-06	6.806966e-07	
22.679698	-1.581916e-05	-1.541206e-05	-4.019525e-06	1.984275e-06	
22.680699	-1.228920e-05	-1.952763e-05	-7.134883e-06	2.905886e-06	
22.681700	-8.195548e-07	-1.219170e-05	-1.079123e-05	3.550673e-06	
22.682701	8.146813e-06	-2.797417e-05	-1.236783e-05	2.461968e-06	
22.683701	1.141125e-05	-3.187680e-05	-1.498454e-05	4.904645e-06	
22.684702	4.626006e-06	-2.026254e-06	-1.818579e-05	6.898368e-06	
22.685703	-2.400022e-06	2.949894e-05	-3.104939e-05	6.074501e-06	
22.686704	3.972958e-07	4.818560e-05	-4.247810e-05	1.011759e-06	
22.687705	2.460955e-06	5.955924e-05	-3.722355e-05	-6.028851e-06	
22.688706	7.600196e-07	8.252175e-05	-3.102766e-05	-6.745450e-06	
22.689707	2.127687e-06	1.074411e-04	-3.129414e-05	-6.313273e-06	
22.690708	2.507027e-06	8.586865e-05	-2.877714e-05	-7.206996e-06	
22.691708	-1.707625e-08	3.434278e-05	-2.236058e-05	-6.722560e-06	
22.692709	2.739978e-06	1.531974e-05	-1.673753e-05	-8.713824e-06	
22.693710	7.242108e-06	2.944757e-05	-1.125932e-05	-7.815676e-06	
22.694711	2.112566e-06	3.195979e-05	-3.179219e-06	-4.264629e-06	
22.695712	-8.529376e-06	3.714418e-05	9.992559e-07	-5.519928e-06	
22.696713	-1.759391e-05	8.736211e-05	2.143734e-06	-4.132003e-06	
22.697714	-2.207899e-05	1.272896e-04	8.062961e-06	1.465050e-06	
22.698714	-1.573027e-05	1.026800e-04	1.212273e-05	2.465057e-06	
22.699715	-2.673194e-06	2.349501e-05	1.427035e-05	5.516001e-07	
22.700716	7.995233e-06	-6.890271e-05	1.500882e-05	1.350562e-06	
22.701717	1.386799e-05	-9.008656e-05	9.257787e-06	3.615608e-06	
22.702718	1.510352e-05	-5.884792e-05	9.427235e-06	2.684045e-06	
22.703719	1.410502e-05	-5.413584e-05	1.207803e-05	-1.490101e-06	
22.704720	1.011392e-05	-5.619322e-05	7.738030e-06	-2.149918e-06	
22.705720	6.024409e-06	-5.465748e-05	7.161238e-06	2.130160e-06	
22.706721	7.989682e-06	-6.108186e-05	7.483529e-06	2.235764e-06	
22.707722	7.316569e-06	-4.772349e-05	7.149993e-06	-1.102601e-06	
22.708723	2.240825e-06	-2.761318e-05	1.376388e-05	8.651897e-07	
22.709724	3.735407e-07	-1.574361e-05	2.023721e-05	3.533140e-06	
22.710725	-2.410152e-06	-6.124927e-06	2.148781e-05	1.056106e-06	
22.711726	-7.978714e-07	-3.158988e-06	2.270564e-05	-9.669029e-07	
22.712726	-1.426448e-08	4.267836e-05	2.471668e-05	2.762168e-06	
22.713727	-7.587588e-06	6.478808e-05	2.865755e-05	8.683000e-06	
22.714728	-2.753298e-06	-4.777082e-05	3.400676e-05	1.315711e-05	
22.715729	7.074527e-06	-1.544250e-04	2.460289e-05	1.499922e-05	
22.716730	4.599939e-06	-1.526133e-04	-2.202790e-07	1.363556e-05	
22.717731	-1.925993e-06	-1.213449e-04	-2.228919e-05	1.300384e-05	
22.718732	-9.913623e-06	-1.046631e-04	-3.609581e-05	9.988146e-06	
22.719733	-1.711217e-05	-7.788768e-05	-3.501140e-05	3.447704e-06	
22.720733	-2.786010e-05	-4.515270e-06	-2.568623e-05	1.158836e-06	
22.721734	-3.435650e-05	2.426473e-05	-2.180609e-05	-9.588520e-07	
22.722735	-1.760333e-05	-3.512532e-05	-1.266308e-05	-5.394846e-06	
22.723736	-6.650949e-07	-4.688199e-05	-8.915916e-06	-6.052964e-06	
22.724737	2.655335e-06	-3.905826e-06	-2.506729e-05	-7.161437e-06	
22.725738	1.343961e-05	5.789483e-05	-2.915152e-05	-9.237781e-06	
22.726739	2.269862e-05	1.293432e-04	-1.060219e-05	-8.031885e-06	
22.727739	1.913068e-05	1.231184e-04	3.936511e-06	-1.003064e-05	
22.728740	1.623187e-05	9.907234e-05	9.453466e-06	-1.313831e-05	
22.729741	1.192564e-05	1.031553e-04	1.110611e-05	-1.097293e-05	
22.730742	2.806570e-06	9.182860e-05	9.920685e-06	-8.234886e-06	
22.731743	1.987992e-07	9.467237e-05	8.805721e-06	-6.647215e-06	
22.732744	4.270063e-06	7.677588e-05	9.577631e-06	-6.044680e-06	
22.733745	4.240533e-06	5.220296e-05	1.649783e-05	-6.545349e-06	
22.734745	9.347208e-08	1.199098e-05	2.010852e-05	-5.280113e-06	
22.735746	-2.843821e-06	-7.080974e-05	8.366470e-06	-3.563202e-06	
22.736747	-1.422005e-05	-6.609558e-05	-2.808986e-07	-4.705836e-06	
22.737748	-3.065117e-05	-3.399908e-06	-1.983039e-06	-4.362751e-06	
22.738749	-2.575550e-05	3.050188e-05	-1.639626e-05	1.450856e-06	
22.739750	-7.189272e-06	2.604367e-05	-2.670889e-05	7.272052e-06	
22.740751	1.129109e-06	-4.747861e-05	-2.052872e-05	8.388669e-06	
22.741752	7.899466e-06	-3.727404e-05	-1.252150e-05	7.934640e-06	
22.742752	1.868251e-05	8.486250e-05	-2.386216e-06	8.176762e-06	
22.743753	2.408293e-05	9.090088e-05	6.346867e-06	4.547253e-06	
22.744754	2.352813e-05	2.011206e-05	1.164768e-05	3.455673e-06	
22.745755	2.120428e-05	2.186808e-05	1.643162e-05	8.094174e-06	
22.746756	1.416432e-05	2.651017e-05	1.372687e-05	5.755556e-06	
22.747757	1.617476e-06	-2.197421e-05	1.403023e-05	3.322380e-06	
22.748758	-8.906812e-06	-1.184359e-04	1.901666e-05	7.223202e-06	
22.749758	-2.201436e-05	-1.705677e-04	1.208577e-05	6.832510e-06	
22.750759	-3.665947e-05	-8.532860e-05	3.103867e-07	2.982927e-06	
22.751760	-4.034616e-05	-3.182348e-05	-5.871436e-06	1.240453e-07	
22.752761	-3.114822e-05	-7.269124e-05	-5.859904e-06	-8.002968e-08	
22.753762	-1.004917e-05	-5.744465e-05	-3.921284e-06	2.291429e-06	
22.754763	1.228192e-05	-6.513049e-06	-6.096683e-06	2.561240e-06	
22.755764	2.339248e-05	2.883066e-05	-6.894887e-06	2.575856e-07	
22.756764	2.516704e-05	3.480684e-05	-6.528436e-06	-1.336046e-06	
22.757765	2.185478e-05	1.342544e-05	-8.911863e-06	-2.360701e-06	
22.758766	1.314871e-05	4.737417e-05	-9.883868e-06	-3.614520e-06	
22.759767	6.225675e-06	5.865195e-05	-8.469671e-06	-1.300760e-06	
22.760768	6.233855e-06	-9.252097e-06	-9.982746e-06	1.219189e-06	
22.761769	2.827851e-06	-2.359101e-05	-1.425207e-05	-3.911534e-06	
22.762770	1.806105e-07	-1.925750e-05	-1.103767e-05	-7.098983e-06	
22.763770	2.041603e-06	-4.221487e-05	-1.944004e-06	-3.283813e-06	
22.764771	9.504716e-07	-1.108667e-05	5.222929e-06	-3.064715e-06	
22.765772	-9.255275e-07	3.656710e-05	7.584251e-06	-3.258052e-06	
22.766773	-5.032543e-06	6.475340e-05	-9.570141e-08	-2.263315e-06	
22.767774	-7.176844e-06	7.960133e-05	-6.763904e-06	-3.351835e-06	
22.768775	-8.544906e-06	4.667008e-05	-2.616880e-06	-6.743529e-07	
22.769776	-9.396840e-06	-2.369811e-05	-3.451441e-06	-8.884740e-07	
22.770777	-1.616433e-06	-7.391674e-05	-7.409785e-06	-4.435900e-06	
22.771777	-3.672787e-07	-4.583578e-05	4.269198e-06	-2.074527e-06	
22.772778	-7.260494e-06	3.587094e-05	1.544213e-05	-9.991417e-07	
22.773779	-7.548488e-06	7.609513e-05	1.565353e-05	-4.771596e-06	
22.774780	-4.774006e-06	3.935809e-05	2.522948e-05	-6.850227e-06	
22.775781	-2.855272e-06	-3.392143e-06	3.501171e-05	-3.630886e-06	
22.776782	2.144699e-06	1.562361e-06	2.896134e-05	-1.549158e-06	
22.777783	7.965002e-06	6.461175e-06	1.721049e-05	-3.623821e-06	
22.778783	8.704546e-06	-4.163447e-07	7.771370e-06	-2.684928e-06	
22.779784	7.658168e-06	1.938724e-07	-1.103265e-06	-1.882092e-06	
22.780785	3.610105e-06	-7.315199e-06	-1.275708e-05	-4.921625e-07	
22.781786	-2.422426e-07	-3.332766e-05	-1.927348e-05	1.947676e-06	
22.782787	-8.431617e-08	-5.702329e-05	-1.735795e-05	-4.917499e-07	
22.783788	-6.177599e-06	-4.217623e-05	-1.037286e-05	6.249219e-07	
22.784789	-1.014251e-05	-2.753986e-05	-1.133433e-06	4.823198e-06	
22.785789	-7.188449e-06	-1.618816e-05	-2.838797e-06	5.655840e-06	
22.786790	-7.148404e-06	1.624615e-05	-9.502787e-06	7.736282e-06	
22.787791	-1.830982e-06	-1.129906e-05	-8.082600e-06	8.876061e-06	
22.788792	6.557826e-06	-3.168798e-05	1.489549e-06	6.948853e-06	
22.789793	3.776464e-06	3.455600e-05	1.242530e-05	7.766086e-06	
22.790794	-1.589879e-06	4.014623e-05	4.338064e-06	1.175409e-05	
22.791795	-1.576697e-06	-1.625186e-05	-1.049599e-05	1.284610e-05	
22.792796	-4.802952e-06	-7.842818e-05	-9.014293e-06	1.080985e-05	
22.793796	-6.762466e-06	-1.184930e-04	-5.256987e-07	8.777542e-06	
22.794797	-9.350332e-07	-1.940884e-05	1.262103e-05	5.877914e-06	
22.795798	4.157240e-06	5.697696e-05	1.778023e-05	3.703181e-06	
22.796799	1.015620e-05	2.204582e-05	-1.349773e-06	4.443652e-06	
22.797800	1.708654e-05	7.199481e-05	-2.271584e-05	3.449672e-06	
22.798801	1.232200e-05	1.386842e-04	-2.632084e-05	-1.657289e-06	
22.799802	5.388943e-06	9.710069e-05	-1.817298e-05	-4.986853e-06	
22.800802	5.901834e-06	3.919328e-06	-7.217571e-06	-9.470495e-06	
22.801803	-1.514607e-07	-5.017648e-05	-8.523901e-07	-1.650631e-05	
22.802804	-1.003251e-05	-2.226436e-05	-2.990147e-06	-1.234557e-05	
22.803805	-1.725965e-05	3.295473e-05	-5.321383e-06	-3.179641e-06	
22.804806	-2.335804e-05	8.594996e-05	8.253754e-07	-3.692955e-06	
22.805807	-1.758163e-05	6.009221e-05	4.840886e-06	-6.532181e-06	
22.806808	-3.166810e-06	-6.404262e-05	2.969293e-06	-7.236380e-06	
22.807808	8.442820e-06	-9.488227e-05	6.312465e-06	-8.176907e-06	
22.808809	1.648418e-05	-2.889659e-05	8.012949e-06	-7.522369e-06	
22.809810	1.521793e-05	2.923387e-06	5.868107e-06	-3.374169e-06	
22.810811	5.573045e-06	1.982012e-05	7.588077e-06	1.726233e-07	
22.811812	1.773568e-06	6.499413e-06	1.118857e-05	-7.957383e-08	
22.812813	3.669087e-06	-1.817469e-05	1.439345e-05	-5.812302e-07	
22.813814	3.163381e-06	5.819556e-07	1.174112e-05	-2.486184e-06	
22.814814	3.769118e-06	6.661827e-06	6.304950e-06	-2.494279e-06	
22.815815	4.711307e-07	-7.877551e-06	3.377462e-06	1.241990e-06	
22.816816	-1.046178e-05	-2.220975e-05	7.328409e-07	2.427398e-06	
22.817817	-1.255578e-05	-1.421024e-05	2.840672e-06	1.072478e-06	
22.818818	-4.885450e-06	2.334003e-05	3.654857e-06	3.625802e-07	
22.819819	3.983565e-08	1.397826e-05	-2.686677e-06	2.525156e-07	
22.820820	5.419095e-06	-2.250661e-05	-3.793216e-06	-1.689732e-06	
22.821821	7.685469e-06	-2.034288e-05	-6.154906e-06	-3.324933e-07	
22.822821	3.594881e-06	7.894912e-07	-1.790007e-05	1.757345e-06	
22.823822	3.878584e-06	7.063061e-06	-1.816649e-05	-4.947446e-07	
22.824823	5.418074e-06	-1.533806e-06	-1.086184e-05	1.162217e-06	
22.825824	1.610836e-06	-4.472365e-06	-1.130399e-05	1.515559e-06	
22.826825	-2.014848e-06	-2.270221e-05	-4.836937e-06	-8.401166e-07	
22.827826	-6.123198e-06	-2.470047e-05	3.691884e-06	2.106321e-06	
22.828827	-1.675913e-05	1.661844e-05	2.478545e-06	3.121799e-06	
22.829827	-1.959165e-05	1.371899e-05	3.554218e-06	9.305540e-07	
22.830828	-6.225519e-06	-2.214684e-05	3.953992e-06	2.944314e-06	
22.831829	3.496184e-06	-2.662980e-05	6.043113e-07	5.436330e-06	
22.832830	5.322915e-06	-3.774899e-05	3.863732e-06	3.452395e-06	
22.833831	-5.788935e-07	-3.942136e-05	7.555450e-06	3.530680e-06	
22.834832	-7.344428e-06	-1.388129e-05	6.544274e-06	5.439394e-06	
22.835833	-2.951774e-06	-3.176289e-05	6.541236e-06	1.946374e-06	
22.836833	-7.703110e-06	-3.813939e-05	8.645422e-06	-4.432016e-07	
22.837834	-1.318338e-05	2.073218e-05	1.180772e-05	9.090690e-07	
22.838835	-5.374930e-06	4.727020e-05	8.544450e-06	2.966354e-06	
22.839836	6.139556e-06	2.424725e-05	6.435695e-06	2.786521e-06	
22.840837	2.047651e-05	5.299785e-06	1.030286e-05	-2.533998e-06	
22.841838	1.175233e-05	1.565826e-05	2.715463e-07	-1.988880e-07	
22.842839	-1.199795e-06	4.505013e-05	-5.925482e-06	3.878166e-06	
22.843840	1.655676e-06	7.517016e-05	-8.251909e-06	2.264594e-06	
22.844840	-8.616105e-06	8.476865e-05	-3.199690e-05	5.790356e-06	
22.845841	-2.329661e-06	3.453435e-05	-3.813495e-05	-5.771093e-07	
22.846842	1.659379e-05	-8.066639e-06	-1.566143e-05	-1.114065e-05	
22.847843	1.301698e-05	-4.457054e-06	3.364657e-06	-7.717643e-06	
22.848844	1.036054e-05	9.624301e-07	1.495863e-05	-5.285168e-06	
22.849845	9.550334e-06	2.088705e-05	2.133258e-05	-5.936381e-06	
22.850846	4.833614e-06	2.766435e-05	1.820110e-05	-4.017098e-06	
22.851846	3.781629e-06	1.663529e-05	5.210971e-06	-3.217792e-06	
22.852847	3.357331e-06	-5.779594e-05	2.669657e-06	-1.613623e-06	
22.853848	2.496065e-06	-1.978003e-04	4.575833e-06	3.847926e-07	
22.854849	-8.248245e-06	-1.798299e-04	-5.627504e-06	1.988593e-06	
22.855850	-2.360557e-05	-5.893643e-05	-6.914470e-06	4.704492e-06	
22.856851	-3.081114e-05	3.243031e-05	-3.102219e-06	3.012916e-06	
22.857852	-2.671488e-05	1.518573e-04	-5.080168e-06	3.306531e-07	
22.858852	-5.022309e-06	9.556931e-05	-2.648448e-06	8.500587e-07	
22.859853	1.558717e-05	-5.260736e-05	3.013573e-06	-5.848643e-07	
22.860854	2.147280e-05	1.051011e-05	8.105895e-06	1.170611e-06	
22.861855	2.411069e-05	9.942553e-05	7.856485e-06	1.200991e-06	
22.862856	1.871287e-05	9.100065e-05	5.278807e-06	-2.207413e-06	
22.863857	9.028394e-06	6.221740e-05	1.757712e-06	5.207028e-07	
22.864858	4.363618e-06	2.411140e-05	-8.547198e-06	1.335757e-06	
22.865858	-2.426397e-06	7.113753e-06	-1.510787e-05	2.035590e-08	
22.866859	-6.380099e-06	-1.155775e-05	-1.484514e-05	1.661611e-06	
22.867860	-4.241412e-06	-2.436416e-05	-1.236731e-05	-4.974687e-07	
22.868861	-7.620178e-06	-1.796807e-05	-5.298521e-06	-2.968890e-06	
22.869862	-1.069803e-05	-2.285483e-05	2.469564e-06	5.088638e-07	
22.870863	-6.663130e-06	-3.137977e-05	6.242292e-06	1.305480e-06	
22.871864	-4.999601e-06	-4.251884e-05	4.055357e-06	-1.376836e-06	
22.872865	-2.990109e-06	-4.706349e-05	1.477431e-06	7.419749e-07	
22.873865	-4.743598e-06	-4.597399e-05	5.663160e-07	2.902634e-06	
22.874866	-1.059572e-05	-4.625185e-05	-2.502763e-06	1.292349e-07	
22.875867	-5.802976e-06	-3.223935e-05	-1.168722e-06	-5.250065e-06	
22.876868	-2.424547e-06	-2.098213e-05	2.362342e-06	-4.616972e-06	
22.877869	-4.961786e-06	-1.408003e-05	5.007148e-06	9.117912e-07	
22.878870	-3.437314e-06	-1.419009e-06	1.091185e-05	1.355026e-07	
22.879871	-2.488007e-06	7.677718e-07	1.100061e-05	1.288113e-06	
22.880871	-2.127929e-06	2.947714e-06	6.349440e-06	3.142475e-06	
22.881872	-4.661524e-06	1.484544e-05	5.509286e-06	-8.735506e-07	
22.882873	-9.515567e-06	2.928532e-05	4.457120e-06	2.144635e-06	
22.883874	-7.452698e-06	4.030227e-05	1.649615e-06	6.426108e-06	
22.884875	-8.446771e-07	2.804400e-05	-4.843656e-06	6.674567e-06	
22.885876	9.155138e-06	-1.736602e-07	-9.857518e-06	9.441099e-06	
22.886877	1.639483e-05	-1.137483e-05	-8.009345e-06	7.521929e-06	
22.887877	1.144569e-05	-7.226728e-06	-7.312939e-06	2.840084e-06	
22.888878	1.003200e-05	3.031335e-06	-3.748478e-06	2.086092e-06	
22.889879	9.571818e-06	1.475842e-05	4.054823e-06	-3.472651e-06	
22.890880	2.503126e-06	1.351405e-05	7.518326e-06	-1.721893e-05	
22.891881	6.365440e-06	1.041254e-05	1.135949e-05	-1.674769e-05	
22.892882	1.094248e-05	1.547519e-05	1.438238e-05	-1.777421e-07	
22.893883	6.046462e-06	1.583774e-05	1.146341e-05	3.335929e-06	
22.894884	6.370570e-07	8.470326e-06	1.153705e-05	-3.083775e-06	
22.895884	7.176425e-08	3.655823e-06	1.310573e-05	-2.002535e-06	
22.896885	3.096585e-06	-2.030416e-06	9.052868e-06	3.945930e-06	
22.897886	7.688790e-07	-1.171619e-06	5.892049e-06	-6.454713e-06	
22.898887	-6.355444e-07	2.130219e-05	1.385025e-06	-2.491107e-05	
22.899888	3.086069e-06	1.864291e-05	-1.053281e-06	-9.477222e-06	
22.900889	5.626300e-06	-1.890509e-05	2.702893e-06	1.264940e-05	
22.901890	3.182146e-06	-5.962752e-05	1.807160e-06	6.973093e-06	
22.902890	-7.181244e-06	-5.970621e-05	8.235769e-06	1.043411e-06	
22.903891	-2.229802e-05	4.755980e-05	9.927490e-06	2.343496e-06	
22.904892	-2.813896e-05	1.039465e-04	-1.343515e-05	2.758992e-07	
22.905893	-1.450842e-05	2.122418e-06	-3.683398e-05	-4.067539e-06	
22.906894	-4.406299e-06	-8.055841e-05	-5.719086e-05	-2.600386e-08	
22.907895	-5.088436e-06	-9.693230e-05	-6.712587e-05	1.382861e-05	
22.908896	1.673734e-06	-3.623051e-05	-5.993883e-05	1.953592e-05	
22.909896	6.130642e-06	6.218140e-05	-5.412739e-05	2.036923e-05	
22.910897	3.944571e-06	3.598430e-05	-4.065698e-05	2.085254e-05	
22.911898	4.027473e-06	-2.215630e-05	-2.894557e-05	8.295821e-06	
22.912899	5.772061e-06	-8.789430e-06	-1.776379e-05	-2.103875e-06	
22.913900	6.154291e-06	1.005674e-05	1.478038e-05	5.463294e-06	
22.914901	3.774311e-06	2.776065e-05	4.465527e-05	4.088216e-06	
22.915902	1.911725e-06	3.539168e-05	5.923119e-05	-2.258183e-05	
22.916903	4.022868e-07	3.365005e-05	6.000145e-05	-3.980697e-05	
22.917903	-2.664654e-06	5.011894e-05	4.886991e-05	-3.265253e-05	
22.918904	-4.993441e-06	5.481670e-05	4.193161e-05	-2.803503e-05	
22.919905	-4.137542e-06	1.371692e-05	3.440067e-05	-1.911121e-05	
22.920906	-2.854499e-06	-4.105124e-05	2.478500e-05	-2.874865e-06	
22.921907	-4.309356e-06	-3.835404e-05	1.962232e-05	-1.945456e-05	
22.922908	-6.681193e-06	1.794492e-05	1.381465e-05	-4.134482e-05	
22.923909	-3.699319e-06	2.067070e-05	7.836783e-06	-7.742171e-06	
22.924909	2.409477e-06	-6.065583e-05	3.888145e-06	2.890469e-05	
22.925910	-1.894323e-06	-9.373742e-05	2.596664e-06	2.068250e-05	
22.926911	-9.020583e-06	-7.263832e-06	2.294361e-06	2.095824e-05	
22.927912	-4.196444e-06	4.818071e-05	-5.218007e-08	3.392846e-05	
22.928913	9.000666e-06	-2.183324e-05	-1.720927e-06	2.868737e-05	
22.929914	1.674169e-05	-1.224437e-04	-1.560975e-06	4.185335e-05	
22.930915	8.888443e-06	-1.976213e-04	-4.793803e-07	6.996637e-05	
22.931915	-3.798375e-06	-1.423805e-04	9.364179e-07	5.282900e-05	
22.932916	-1.458896e-05	2.895508e-05	-2.411194e-06	1.885595e-05	
22.933917	-1.817786e-05	6.731350e-05	-9.679108e-06	1.190128e-05	
22.934918	-5.116687e-06	2.764569e-05	-1.178043e-05	-4.129139e-07	
22.935919	8.567076e-06	6.518541e-05	-8.869160e-06	-3.123186e-05	
22.936920	1.815659e-05	1.102525e-04	-7.401987e-06	-4.764819e-05	
22.937921	2.831330e-05	1.343612e-04	-8.838246e-06	-2.322319e-05	
22.938921	2.377222e-05	1.075036e-04	-1.207717e-05	-6.951277e-06	
22.939922	1.229674e-05	3.723808e-05	-1.641908e-05	-2.744586e-05	
22.940923	7.245558e-06	5.845169e-06	-1.761632e-05	-2.696313e-05	
22.941924	1.554259e-06	1.894999e-05	-9.504816e-06	-8.987081e-06	
22.942925	-1.456708e-06	3.414521e-05	-2.329494e-06	6.142113e-06	
22.943926	-5.467605e-07	2.106918e-05	-7.805533e-06	2.293684e-05	
22.944927	3.718364e-07	1.214460e-05	-1.342721e-05	2.429936e-05	
22.945928	2.349427e-06	2.394690e-05	-1.381815e-05	4.666231e-06	
22.946928	1.078762e-06	1.186409e-05	-1.458835e-05	-2.516820e-05	
22.947929	-3.771219e-06	-1.070671e-05	-1.185387e-05	-3.799728e-05	
22.948930	-7.496865e-06	-1.652735e-05	-8.657879e-06	-5.958917e-05	
22.949931	-8.938666e-06	7.225054e-06	-6.229337e-06	-8.452968e-05	
22.950932	-1.085865e-05	4.982835e-05	-3.210390e-06	-4.610086e-05	
22.951933	-9.020887e-06	-9.994339e-07	-7.761665e-07	9.077922e-07	
22.952934	-5.811977e-06	-1.065032e-04	6.674857e-06	7.353217e-06	
22.953934	-1.837706e-05	-7.037322e-05	1.349064e-05	1.288269e-05	
22.954935	-2.858601e-05	6.726728e-06	1.328080e-05	1.829106e-05	
22.955936	-1.318643e-05	-4.439673e-05	9.783497e-06	1.447054e-05	
22.956937	7.146263e-06	-1.379927e-04	1.042613e-05	1.451665e-05	
22.957938	1.000797e-05	-1.924834e-04	1.582295e-05	2.477032e-05	
22.958939	-5.942639e-06	-1.138362e-04	1.108187e-05	3.518799e-05	
22.959940	-2.015134e-05	2.571043e-05	4.589153e-06	4.029004e-05	
22.960940	-2.419541e-05	1.515475e-05	5.494746e-06	3.618559e-05	
22.961941	-2.461953e-05	-9.035080e-06	2.281063e-06	2.879550e-05	
22.962942	-1.166116e-05	3.466242e-05	2.596331e-06	3.009836e-05	
22.963943	5.235670e-06	7.666554e-05	4.456660e-06	2.017662e-05	
22.964944	1.564169e-05	1.332739e-04	1.649396e-06	3.308730e-06	
22.965945	2.506356e-05	1.323864e-04	2.757804e-07	4.868122e-06	
22.966946	3.197188e-05	1.337503e-04	-5.879973e-06	9.292495e-06	
22.967947	3.223825e-05	1.325125e-04	-1.371079e-05	-1.511401e-05	
22.968947	1.746521e-05	5.873131e-05	-1.830606e-05	-5.598255e-05	
22.969948	4.911061e-06	-1.376781e-05	-2.297738e-05	-6.674127e-05	
22.970949	5.468130e-07	-9.294110e-05	-2.515342e-05	-4.958527e-05	
22.971950	-1.236909e-05	-1.039341e-04	-1.961170e-05	-2.520871e-05	
22.972951	-1.635238e-05	-8.146481e-05	2.237290e-06	1.832859e-06	
22.973952	-8.664815e-06	-1.003504e-04	3.113744e-05	2.132602e-05	
22.974953	9.893579e-07	-1.253994e-04	4.089366e-05	3.377642e-05	
22.975953	1.087957e-05	-1.440333e-04	3.261169e-05	3.629244e-05	
22.976954	1.038922e-05	4.017319e-05	2.615085e-05	3.061687e-05	
22.977955	1.200419e-05	1.981673e-04	1.993669e-05	2.095093e-05	
22.978956	1.237619e-05	1.173511e-04	1.008106e-05	1.507148e-05	
22.979957	-4.677718e-07	1.059281e-04	6.230374e-06	2.196639e-05	
22.980958	-3.719907e-06	3.426518e-05	1.068100e-06	1.477670e-05	
22.981959	-4.266209e-06	-1.018564e-04	-8.104255e-06	2.964182e-06	
22.982959	-1.335717e-05	-6.450198e-05	2.904254e-06	7.512171e-06	
22.983960	-1.971526e-05	-2.586482e-05	1.999212e-05	-1.792718e-05	
22.984961	-2.466765e-05	-2.724452e-05	8.964012e-06	-4.779977e-05	
22.985962	2.203367e-07	1.879892e-06	-9.301158e-06	-2.599918e-05	
22.986963	3.735302e-05	1.412577e-05	-1.372279e-05	-4.665234e-06	
22.987964	2.816009e-05	1.443430e-06	-1.230899e-05	-4.027049e-06	
22.988965	7.583133e-06	-4.833754e-06	-8.469967e-06	-1.879366e-07	
22.989965	1.973059e-06	9.510785e-06	-8.339786e-06	-1.938012e-06	
22.990966	-9.949459e-06	5.327262e-06	-8.565237e-06	3.577613e-06	
22.991967	-1.691916e-05	9.011039e-06	-9.068261e-06	1.160549e-05	
22.992968	-1.418674e-05	3.303008e-05	-1.819383e-05	2.022399e-06	
22.993969	-1.028886e-05	8.671468e-06	-2.394993e-05	-1.517462e-05	
22.994970	-7.019830e-06	-2.205291e-05	-2.408507e-05	-2.668278e-05	
22.995971	-3.610397e-06	-3.760470e-06	-2.198441e-05	-2.206481e-05	
22.996972	-2.744236e-06	6.126092e-06	-1.287732e-05	-1.059233e-05	
22.997972	-5.912443e-06	-1.023784e-05	-5.943659e-06	-4.213549e-06	
22.998973	-5.940087e-06	-1.123169e-05	-5.503172e-06	3.198793e-06	
22.999974	-2.268409e-08	-1.321029e-05	-9.623054e-06	1.289324e-05	
23.000975	7.245662e-06	-1.769538e-07	-7.982354e-06	1.277052e-05	
23.001976	9.566257e-06	2.245888e-05	3.482109e-06	-2.901252e-06	
23.002977	1.519482e-05	-3.227119e-05	1.077264e-05	-1.107847e-05	
23.003978	2.049151e-05	-1.007525e-04	1.875280e-05	-4.980579e-06	
23.004978	1.082930e-05	-1.504260e-04	2.084621e-05	-2.990373e-06	
23.005979	-6.910060e-06	-9.708266e-05	1.012082e-05	-4.537084e-06	
23.006980	-3.415360e-05	1.196573e-04	6.869147e-06	-4.191645e-06	
23.007981	-3.453035e-05	1.322427e-04	7.585278e-06	-5.741410e-06	
23.008982	1.284683e-05	-9.774522e-05	6.485057e-06	-4.737946e-06	
23.009983	3.621955e-05	-1.099990e-04	3.181117e-06	2.580051e-06	
23.010984	1.320288e-05	1.550365e-04	-1.118948e-05	1.109793e-05	
23.011984	-1.922620e-05	2.314196e-04	-2.059177e-05	2.689428e-05	
23.012985	-2.471123e-05	5.376438e-05	-5.988483e-06	2.900802e-05	
23.013986	-7.617109e-06	5.906974e-05	1.897408e-05	9.604352e-06	
23.014987	-1.575022e-05	1.368130e-04	2.505582e-05	1.181415e-05	
23.015988	-1.683251e-05	7.542687e-05	1.942461e-05	1.523392e-05	
23.016989	4.869088e-06	3.007477e-05	2.100097e-05	4.433800e-06	
23.017990	1.175239e-05	-7.269091e-06	1.572816e-05	6.941620e-06	
23.018991	2.702300e-05	-2.700664e-05	3.896075e-06	-5.109357e-07	
23.019991	4.466590e-05	-1.530613e-05	-6.639672e-06	-7.268361e-06	
23.020992	3.178211e-05	-3.538161e-05	-1.010989e-05	7.436563e-07	
23.021993	8.274452e-06	-4.902755e-05	-2.911120e-06	-6.984594e-06	
23.022994	-3.471918e-07	-5.082206e-05	-5.604058e-06	-1.612790e-05	
23.023995	-1.325370e-05	-5.953216e-05	-1.333770e-05	-1.248768e-05	
23.024996	-3.546469e-05	-6.112627e-05	-8.893038e-06	-8.549139e-06	
23.025997	-3.499340e-05	-6.918239e-05	-5.149224e-06	-5.718834e-06	
23.026997	-2.722210e-05	-8.027725e-05	-1.974273e-05	-3.416422e-06	
23.027998	-2.871036e-05	-6.100521e-05	-3.379867e-05	-5.634496e-07	
23.028999	-3.238827e-05	-1.819763e-05	-2.252317e-05	2.906783e-06	
23.030000	-1.191400e-05	-3.601009e-06	-4.960959e-06	4.869716e-06	
